store_phone,store_address,city,state,zip,store_email,sources_count,source1,source2,source3,source4,source5,source6,names_count,store_name,second_store_name,name3,name4,name5,name6,name7,name8,owners_count,owner_first_name1,owner_last_name1,owner_first_name2,owner_last_name2,other_emails_count,owner_email,other_owner_emails,websites_count,website,consolidated,fabrica,floorscapes,johanna,karastan,masland,mohawk,naics,wfca
(252) 453-3852,6229 CARATUCKE HWY,GRANDY,NC,27939,,1,mohawk,,,,,,1,CAROLINA FLOORING & INTERIORS,,,,,,,,1,ART,TIPTON,,,0,,,1,,,,,,,,X,,
(610) 439-9141,CRAFT RUG MILLS FACTORY OUTLET,ALLENTOWN,PA,18102,,1,mohawk,,,,,,1,SLOTHROP INC,,,,,,,,0,,,,,0,,,1,,,,,,,,X,,
(308) 832-2215,247 N COLORADO,MINDEN,NE,68959-0340,,1,mohawk,,,,,,1,MINDEN LUMBER & CONCRETE CO,,,,,,,,1,PHIL,WERNER,,,0,,,1,,,,,,,,X,,
(301) 475-3778,PO BOX 2208,LEONARD TOWN,MD,20650,,1,fabrica,,,,,,2,T&G CARPETS, LLC,,,,,,,0,,,,,0,,,1,,,X,,,,,,,
(561) 622-6333,"1201 U.S HIGHWAY 1,SUITE 13",NORTH PALM BEACH,FL,33408,,1,fabrica,,,,,,1,KAHN ENTERPRISES OF PALM BEACH,,,,,,,,0,,,,,0,,,1,,,X,,,,,,,
(925) 680-5325,2260 COMMERCE AVE STE F,CONCORD,CA,94520,,1,fabrica,,,,,,1,COLES INTERIOR DESIGN CENTER,,,,,,,,0,,,,,0,,,1,,,X,,,,,,,
(248) 394-0322,5370 IROQUOIS CT.,CLARKSTON,MI,48348,,1,fabrica,,,,,,1,CARPET JEWELERS INC.,,,,,,,,0,,,,,0,,,1,,,X,,,,,,,
(510) 569-1600,1933 DAVIS STREET # 102,SAN LEANDRO,CA,94577,,1,fabrica,,,,,,1,GULESSERIAN BROS INC,,,,,,,,0,,,,,0,,,1,,,X,,,,,,,
(561) 998-2001,7400 N FEDERAL HWY,BOCA RATON,FL,33487,,1,fabrica,,,,,,1,ALLURING FLOORING INC,,,,,,,,0,,,,,0,,,1,,,X,,,,,,,
(602) 278-5655,3131 N 35TH AVE SUITE D,PHOENIX,AZ,85017,,1,fabrica,,,,,,1,BENTLEY CARPET INSTALLATION,,,,,,,,0,,,,,0,,,1,,,X,,,,,,,
(228) 864-4411,1261 PASS RD,GULFPORT,MS,39501,,1,floorscapes,,,,,,1,FLOORING MART LLC THE,,,,,,,,0,,,,,0,,,1,,,,X,,,,,,
(580) 223-3492,1211 VETERANS BLVD,ARDMORE,OK,73401,,1,floorscapes,,,,,,1,ARBUCKLE FLRG & FINE STONE INC,,,,,,,,0,,,,,0,,,1,,,,X,,,,,,
(615) 646-6229,FROST DAVID,NASHVILLE,TN,37221,,1,floorscapes,,,,,,1,DESIGNER FLOORS,,,,,,,,0,,,,,0,,,1,,,,X,,,,,,
(770) 445-5626,"BARNETT, DAVID",DALLAS,GA,30157,,1,floorscapes,,,,,,1,FLOOR WORKS INC,,,,,,,,0,,,,,0,,,1,,,,X,,,,,,
(715) 855-5114,3235 E HAMILTON AVE,EAU CLAIRE,WI,54701,,1,floorscapes,,,,,,1,QUALITY FLOOR COVERING,,,,,,,,0,,,,,0,,,1,,,,X,,,,,,
(714) 979-9062,L.A. CARPET & RUG,IRVINE,CA,92618,,1,floorscapes,,,,,,1,LONG AFFAIR CARPET & RUG INC,,,,,,,,0,,,,,0,,,1,,,,X,,,,,,
(856) 834-4530,ATTN: ACCOUNTS PAYABLE,CHERRY HILL,NJ,8003,,1,floorscapes,,,,,,1,SOVEREIGN DISTRIBUTORS INC,,,,,,,,0,,,,,0,,,1,,,,X,,,,,,
(619) 262-2804,DBA/AMERICAS FINEST CARPET CO,CHULA VISTA,CA,91911,,1,floorscapes,,,,,,2,HOME CARPET INVESTMENT, INC.,,,,,,,0,,,,,0,,,1,,,,X,,,,,,
(301) 283-3080,COUNTRY CARPET,BRYANS ROAD,MD,20616-4266,,1,floorscapes,,,,,,1,FGD CORPORATION,,,,,,,,0,,,,,0,,,1,,,,X,,,,,,
(435) 755-5096,2300 N MAIN ST STE C,NORTH LOGAN,UT,84341,,1,floorscapes,,,,,,1,CUSTOM FLOOR COVERINGS,,,,,,,,0,,,,,0,,,1,,,,X,,,,,,
(915) 565-5784,DBA/CARPET WAREHOUSE,EL PASO,TX,79903,,1,floorscapes,,,,,,1,EMO CARPETS LLC,,,,,,,,0,,,,,0,,,1,,,,X,,,,,,
(801) 292-2113,822 SO 500 WEST,BOUNTIFUL,UT,84010,,1,floorscapes,,,,,,1,ALLMANS CARPET & DRAPERY,,,,,,,,0,,,,,0,,,1,,,,X,,,,,,
(732) 828-8730,3160 BORDENTOWN AVE STE 3,OLD BRIDGE,NJ,8857,,1,floorscapes,,,,,,1,CENTRAL JERSEY FLOORING,,,,,,,,0,,,,,0,,,1,,,,X,,,,,,
(850) 763-3170,CARPET CONNECTION,PANAMA CITY,FL,32405,,1,floorscapes,,,,,,1,RANOBI CORPORATION,,,,,,,,0,,,,,0,,,1,,,,X,,,,,,
(435) 628-8087,DBA/CARPET PLUS,SAINT GEORGE,UT,84770,,1,floorscapes,,,,,,1,BARGAIN BARN INC.,,,,,,,,0,,,,,0,,,1,,,,X,,,,,,
(203) 483-3566,JOE'S FLOOR STORE,BRANFORD,CT,6405,,1,floorscapes,,,,,,1,J & J BRANFORD INC,,,,,,,,0,,,,,0,,,1,,,,X,,,,,,
(636) 926-6998,BESEDA PRO FLOORING,SAINT CHARLES,MO,63304,,1,floorscapes,,,,,,1,ONE STOP FLOOR SHOP INC,,,,,,,,0,,,,,0,,,1,,,,X,,,,,,
(419) 624-4999,JAMIE'S CARPETSHOP-SANDUSKY,AMHERST,OH,44001,,1,floorscapes,,,,,,1,ERIE COUNTY ENTERPRISES INC,,,,,,,,0,,,,,0,,,1,,,,X,,,,,,
(806) 351-1270,DBA CARPET WORLD,AMARILLO,TX,79121,,1,floorscapes,,,,,,1,CITATION SECURITIES,,,,,,,,0,,,,,0,,,1,,,,X,,,,,,
(209) 473-3308,CARPET LAND,STOCKTON,CA,95212-2812,,1,floorscapes,,,,,,1,ALEX BUSINESS GROUP,,,,,,,,0,,,,,0,,,1,,,,X,,,,,,
(440) 998-8223,CARPET MART,ASHTABULA,OH,44004,,1,floorscapes,,,,,,1,CITY CARPET INC,,,,,,,,0,,,,,0,,,1,,,,X,,,,,,
(704) 541-1398,10500 MCMULLEN CREEK PKWY,CHARLOTTE,NC,28226,,1,floorscapes,,,,,,1,EMPIRE CARPET AND DRAPERIES,,,,,,,,0,,,,,0,,,1,,,,X,,,,,,
(812) 246-6577,7200 APPLE LEAF LANE,SELLERSBURG,IN,47172-1869,,1,floorscapes,,,,,,1,M T DEARING CPT CO INC,,,,,,,,0,,,,,0,,,1,,,,X,,,,,,
(816) 279-9329,DBA CARPET MASTERS,SAINT JOSEPH,MO,64506,,1,floorscapes,,,,,,1,TIM'S RIVER COMPANY INC,,,,,,,,0,,,,,0,,,1,,,,X,,,,,,
(808) 871-1800,430 ALAMAHA ST STE 103,KAHULUI,HI,96732,,1,floorscapes,,,,,,1,LEI FLOOR & WINDOW COVERINGS,,,,,,,,0,,,,,0,,,1,,,,X,,,,,,
(217) 876-6980,1971 E PERSHING RD,DECATUR,IL,62526,,1,floorscapes,,,,,,1,CARPET WEAVERS - DECATUR,,,,,,,,0,,,,,0,,,1,,,,X,,,,,,
(757) 962-2384,3022 VIRGINIA BEACH BLVD,VIRGINIA BEACH,VA,23452,,1,floorscapes,,,,,,1,JIM KLEMMER FLOORS INC,,,,,,,,0,,,,,0,,,1,,,,X,,,,,,
(254) 772-2171,DBA/ADVANCED CARPET & INTS,WACO,TX,76702,,1,floorscapes,,,,,,1,DICORTE ENTERPRISES LLC,,,,,,,,0,,,,,0,,,1,,,,X,,,,,,
(408) 848-8678,CARPET OUTLET THE,GILROY,CA,95020,,1,floorscapes,,,,,,1,TOMMYHAWK INC DBA,,,,,,,,0,,,,,0,,,1,,,,X,,,,,,
(406) 651-1808,DBA/NORTHWEST FLOORS,BILLINGS,MT,59102,,1,floorscapes,,,,,,2,BJM,INC,,,,,,,0,,,,,0,,,1,,,,X,,,,,,
(919) 751-1540,PREMIERE CARPET,GOLDSBORO,NC,27530,,1,floorscapes,,,,,,1,DIRECT CARPET FACTORY OUTLET,,,,,,,,0,,,,,0,,,1,,,,X,,,,,,
(281) 491-1111,13885 SOUTHWEST FREEWAY,SUGAR LAND,TX,77478,,1,floorscapes,,,,,,1,DAVID'S SUPER FLOOR STORE INC,,,,,,,,0,,,,,0,,,1,,,,X,,,,,,
(740) 283-3319,2700 SUNSET BLVD,STEUBENVILLE,OH,43952,,1,floorscapes,,,,,,1,SMITTY'S CPT CONNECTION INC,,,,,,,,0,,,,,0,,,1,,,,X,,,,,,
(770) 287-7846,684 MAIN ST SW,GAINESVILLE,GA,30501,,1,floorscapes,,,,,,1,BUDGET CARPET OUTLET INC,,,,,,,,0,,,,,0,,,1,,,,X,,,,,,
(231) 946-6366,DBA/FLOOR COVERING BROKERS,TRAVERSE CITY,MI,49686,,1,floorscapes,,,,,,1,FCB INC,,,,,,,,0,,,,,0,,,1,,,,X,,,,,,
(718) 823-3340,D/B/A TRISTATE INTERIORS,BRONX,NY,10461,,1,floorscapes,,,,,,1,TRISTATE CABINET DISTR INC,,,,,,,,0,,,,,0,,,1,,,,X,,,,,,
(850) 484-4888,1050 W I65 SERVICES RD S,MOBILE,AL,36609,,1,floorscapes,,,,,,2,AMERICAN CATALOG CARPETS, INC,,,,,,,0,,,,,0,,,1,,,,X,,,,,,
(505) 857-7043,DBA FLOORSCAPES,ALBUQUERQUE,NM,87113,,1,floorscapes,,,,,,1,THE BURRELL CO LLC,,,,,,,,0,,,,,0,,,1,,,,X,,,,,,
(517) 278-8988,JANCCO INC,COLDWATER,MI,49036,,1,floorscapes,,,,,,1,WILLOWBROOK INTERIORS,,,,,,,,0,,,,,0,,,1,,,,X,,,,,,
(314) 849-9442,CARPET FOR LESS,SAINT LOUIS,MO,63128,,1,floorscapes,,,,,,1,DONLEN INC,,,,,,,,0,,,,,0,,,1,,,,X,,,,,,
(760) 324-4979,67555 E PALM CYN DR STE C113,CATHEDRAL CITY,CA,92234,,1,floorscapes,,,,,,1,MICHAEL S. BALIAN INC.,,,,,,,,0,,,,,0,,,1,,,,X,,,,,,
(270) 737-7579,CORVIN FURNITURE & CARPET,ELIZABETHTOWN,KY,42701,,1,floorscapes,,,,,,1,CORVINS GENERAL STORE INC,,,,,,,,0,,,,,0,,,1,,,,X,,,,,,
(706) 754-4432,470 MONROE STREET,CLARKESVILLE,GA,30523,,1,floorscapes,,,,,,1,NORTH GEORGIA FLRS & INTERIORS,,,,,,,,0,,,,,0,,,1,,,,X,,,,,,
(802) 747-7331,WOOD STOCK AVE,RUTLAND,VT,5701,,1,floorscapes,,,,,,1,CARPET WAREHOUSE INC,,,,,,,,0,,,,,0,,,1,,,,X,,,,,,
(989) 731-1200,2234 W M 32,GAYLORD,MI,49735,,1,floorscapes,,,,,,1,HICKERSON FLOOR & TILE HAUS,,,,,,,,0,,,,,0,,,1,,,,X,,,,,,
(770) 945-5409,1328 BUFORD HWY,BUFORD,GA,30518,,1,floorscapes,,,,,,1,T R FLOORING INC,,,,,,,,0,,,,,0,,,1,,,,X,,,,,,
(770) 466-6100,BILL ALBRIGHT,LOGANVILLE,GA,30052,,1,floorscapes,,,,,,1,ALBRIGHT FLOORCOVERING CO INC,,,,,,,,0,,,,,0,,,1,,,,X,,,,,,
(703) 690-0690,T/A FIRST AMERICAN CARPET,WOODBRIDGE,VA,22193,,1,floorscapes,,,,,,1,KAKAR LLC,,,,,,,,0,,,,,0,,,1,,,,X,,,,,,
(760) 726-6977,ACTION CARPET & FLOOR DECOR,OCEANSIDE,CA,92056,,1,floorscapes,,,,,,1,A C & FLOOR DECOR INC.,,,,,,,,0,,,,,0,,,1,,,,X,,,,,,
(262) 654-4631,5407 GREEN BAY RD,KENOSHA,WI,53144,,1,floorscapes,,,,,,1,FOREVER FLOORS INC,,,,,,,,0,,,,,0,,,1,,,,X,,,,,,
(401) 596-6283,10 OAK ST,WESTERLY,RI,2891,,1,floorscapes,,,,,,1,UNITED BUILDERS SUPPLY CO INC,,,,,,,,0,,,,,0,,,1,,,,X,,,,,,
(805) 434-4284,734 S MAIN ST,TEMPLETON,CA,93465,,1,floorscapes,,,,,,1,TEMPLETON FLOOR CO,,,,,,,,0,,,,,0,,,1,,,,X,,,,,,
(865) 357-7700,DB HOME CHOICE WINDOWS,KNOXVILLE,TN,37923,,1,floorscapes,,,,,,1,HOME CHOICE FLOORING LLC,,,,,,,,0,,,,,0,,,1,,,,X,,,,,,
(608) 356-6320,S4066 HIGHWAY 12,BARABOO,WI,53913,,1,floorscapes,,,,,,1,FLOORING CENTER THE,,,,,,,,0,,,,,0,,,1,,,,X,,,,,,
(931) 372-2211,DBA: THE INTERIOR COMPANY,COOKEVILLE,TN,38506,,1,floorscapes,,,,,,1,CAVENDER'S LLC,,,,,,,,0,,,,,0,,,1,,,,X,,,,,,
(570) 823-3120,1325 N RIVER ST STE 2,PLAINS,PA,18702-1899,,1,floorscapes,,,,,,1,TUFT-TEX CARPET INC,,,,,,,,0,,,,,0,,,1,,,,X,,,,,,
(502) 633-3308,PONTRICH THOMAS E,SHELBYVILLE,KY,40065,,1,floorscapes,,,,,,1,PONTRICH FLOOR COVERING,,,,,,,,0,,,,,0,,,1,,,,X,,,,,,
(410) 451-1610,2431 CROFTON BLVD.,CROFTON,MD,21114,,1,floorscapes,,,,,,1,NATIONAL CPT WHOLESALE,,,,,,,,0,,,,,0,,,1,,,,X,,,,,,
(480) 895-5424,DBA FLOORING GALLERY & MORE,SUN LAKES,AZ,85248,,1,floorscapes,,,,,,1,ROBSON COMMUNITIES INC,,,,,,,,0,,,,,0,,,1,,,,X,,,,,,
(574) 255-5903,3120 N HOME ST,MISHAWAKA,IN,46545,,1,floorscapes,,,,,,1,COMFORT CARPETS INC,,,,,,,,0,,,,,0,,,1,,,,X,,,,,,
(703) 550-0193,8196 TERMINAL RD.,LORTON,VA,22079,,1,floorscapes,,,,,,1,MATTRESS & CARPET EXPRESS,,,,,,,,0,,,,,0,,,1,,,,X,,,,,,
(770) 926-6750,PO BOX 184,LEBANON,GA,30146,,1,floorscapes,,,,,,1,CHEROKEE FLOOR COV INC,,,,,,,,0,,,,,0,,,1,,,,X,,,,,,
(502) 348-8747,3465 E JOHN ROWAN BLVD,BARDSTOWN,KY,40004,,1,floorscapes,,,,,,1,CORVINS FURNITURE & CARPET LLC,,,,,,,,0,,,,,0,,,1,,,,X,,,,,,
(615) 826-6449,386 W MAIN ST STE 101,HENDERSONVILLE,TN,37075,,1,floorscapes,,,,,,1,CARPET CONCEPTS LLC,,,,,,,,0,,,,,0,,,1,,,,X,,,,,,
(320) 251-1520,1800 HWY 23 NORTH EAST,SAINT CLOUD,MN,56304,,1,floorscapes,,,,,,1,TRADITIONAL FLOORS *FS,,,,,,,,0,,,,,0,,,1,,,,X,,,,,,
(603) 964-4802,10 LAFAYETTE RD,NORTH HAMPTON,NH,3862,,1,floorscapes,,,,,,1,WHOLESALE FLOORING,,,,,,,,0,,,,,0,,,1,,,,X,,,,,,
(586) 795-5802,31065 RYAN RD,WARREN,MI,48092,,1,floorscapes,,,,,,1,SON-SHINE FLOOR COVERING LTD,,,,,,,,0,,,,,0,,,1,,,,X,,,,,,
(215) 362-2680,WELSH & N WALES,NORTH WALES,PA,19454,,1,floorscapes,,,,,,1,EADEH HANNAH RUG,,,,,,,,0,,,,,0,,,1,,,,X,,,,,,
(501) 225-5187,DBA THE PAINT & CARPET DEPOT,LITTLE ROCK,AR,72211,,1,floorscapes,,,,,,1,THE PAINT DEPOT INC.,,,,,,,,0,,,,,0,,,1,,,,X,,,,,,
(860) 354-4260,NORTHEAST CARPET CENTER,NEW MILFORD,CT,6776,,1,floorscapes,,,,,,1,NORTHEAST INTERIOR CONST INC,,,,,,,,0,,,,,0,,,1,,,,X,,,,,,
(863) 299-9908,6256 CYPRESS GARDENS BLVD,WINTER HAVEN,FL,33884-3177,,1,floorscapes,,,,,,1,BURNS FLOORING & DESIGN LLC,,,,,,,,0,,,,,0,,,1,,,,X,,,,,,
(270) 866-6693,ATTN: IVAN BENNETT,RUSSELL SPRINGS,KY,42642,,1,floorscapes,,,,,,1,BENNETTS CARPETS INC,,,,,,,,0,,,,,0,,,1,,,,X,,,,,,
(805) 376-6958,2628 LAVERY CT STE 401,NEWBURY PARK,CA,91320,,1,floorscapes,,,,,,1,BY DESIGN FLOOR COV,,,,,,,,0,,,,,0,,,1,,,,X,,,,,,
(307) 778-8317,3573 E LINCOLN WAY STE G2,CHEYENNE,WY,82001,,1,floorscapes,,,,,,1,CARPET WORKS OF CHEYENNE INC,,,,,,,,0,,,,,0,,,1,,,,X,,,,,,
(423) 639-9190,JAYNES FLOORING OUTLET,GREENEVILLE,TN,37744,,1,floorscapes,,,,,,1,JAYNES RONNIE CARPET CTR INC,,,,,,,,0,,,,,0,,,1,,,,X,,,,,,
(941) 474-4007,3680 N. ACCESS ROAD,ENGLEWOOD,FL,34224,,1,floorscapes,,,,,,1,QUALITY CARPET OUTLET INC,,,,,,,,0,,,,,0,,,1,,,,X,,,,,,
(517) 543-3712,225 S COCHRAN AVE,CHARLOTTE,MI,48813,,1,floorscapes,,,,,,1,CUSTOM HOME INTERIORS INC,,,,,,,,0,,,,,0,,,1,,,,X,,,,,,
(770) 399-9911,DBA  GREAT AMERICAN FLOORS,NORCROSS,GA,30071,,1,floorscapes,,,,,,2,110%, INC,,,,,,,0,,,,,0,,,1,,,,X,,,,,,
(973) 252-2240,1011 US HIGHWAY 46,LEDGEWOOD,NJ,7852,,1,floorscapes,,,,,,1,BOGARTS CPT & FLOOR COVERING,,,,,,,,0,,,,,0,,,1,,,,X,,,,,,
(253) 588-8667,8400 SOUTH TACOMA WAY,TACOMA,WA,98499,,1,floorscapes,,,,,,1,MEYER FLOOR COV INC,,,,,,,,0,,,,,0,,,1,,,,X,,,,,,
(715) 343-3539,5600 WOODLAND ST STE B,STEVENS POINT,WI,54481,,1,floorscapes,,,,,,1,MID WISCONSIN FLOORING LLC,,,,,,,,0,,,,,0,,,1,,,,X,,,,,,
(518) 459-9020,C/O WHSE,ALBANY,NY,12206,,1,floorscapes,,,,,,1,DCS WAREHOUSE OUTLET C/O,,,,,,,,0,,,,,0,,,1,,,,X,,,,,,
(703) 796-6229,1319 SHEPARD DR STE D,STERLING,VA,20164,,1,floorscapes,,,,,,1,FLOORWARE INC,,,,,,,,0,,,,,0,,,1,,,,X,,,,,,
(207) 512-2865,20 WHITTEN RD,AUGUSTA,ME,4330,,1,floorscapes,,,,,,1,NEW BEGINNINGS FLOORING,,,,,,,,0,,,,,0,,,1,,,,X,,,,,,
(269) 429-9800,2670 NILES RD,SAINT JOSEPH,MI,49085,,1,floorscapes,,,,,,1,MIGALA RUG & TILE LLC,,,,,,,,0,,,,,0,,,1,,,,X,,,,,,
(435) 867-7177,OGDENS CARPET OUTLET,CEDAR CITY,UT,84721-9790,,1,floorscapes,,,,,,1,S & C FLOORING,,,,,,,,0,,,,,0,,,1,,,,X,,,,,,
(269) 668-8537,53109 MAIN STREET,MATTAWAN,MI,49071-0428,,1,floorscapes,,,,,,1,WEST MICHIGAN CPT BROKERS INC,,,,,,,,0,,,,,0,,,1,,,,X,,,,,,
(401) 289-9270,325 MARKET ST,WARREN,RI,2885,,1,floorscapes,,,,,,1,JIMMY STUART'S,,,,,,,,0,,,,,0,,,1,,,,X,,,,,,
(480) 807-7446,4460 E MAIN ST,MESA,AZ,85205,,1,floorscapes,,,,,,1,DESIGN PLUS INTERIORS LLC,,,,,,,,0,,,,,0,,,1,,,,X,,,,,,
(631) 728-8735,201 W MONTAUK HWY,HAMPTON BAYS,NY,11946,,1,floorscapes,,,,,,1,WE'LL FLOOR U INC,,,,,,,,0,,,,,0,,,1,,,,X,,,,,,
(573) 364-4781,458 W LITTLE OAKS RD,ROLLA,MO,65401,,1,floorscapes,,,,,,1,MC CALLS FLOOR MART,,,,,,,,0,,,,,0,,,1,,,,X,,,,,,
(281) 332-2227,1246 E MAIN ST,LEAGUE CITY,TX,77573,,1,floorscapes,,,,,,1,FLAGSHIP FLOORS INC,,,,,,,,0,,,,,0,,,1,,,,X,,,,,,
(740) 432-2393,634 STEUBENVILLE AVE,CAMBRIDGE,OH,43725,,1,floorscapes,,,,,,1,MILFAIR LINOLEUM & CPT CO INC,,,,,,,,0,,,,,0,,,1,,,,X,,,,,,
(208) 883-3556,715 N MAIN ST,MOSCOW,ID,83843,,1,floorscapes,,,,,,1,CARPET MILL,,,,,,,,0,,,,,0,,,1,,,,X,,,,,,
(307) 265-5844,1210 W COLLINS DR,CASPER,WY,82604,,1,floorscapes,,,,,,1,DONS MOBILE CARPET INC,,,,,,,,0,,,,,0,,,1,,,,X,,,,,,
(310) 539-9881,2212 LOMITA BLVD,LOMITA,CA,90717,,1,floorscapes,,,,,,2,CARPET SPECTRUM, INC.,,,,,,,0,,,,,0,,,1,,,,X,,,,,,
(815) 468-8878,395 SOUTH LOCUST (RT 50),MANTENO,IL,60950,,1,floorscapes,,,,,,1,TILE WORKS & MORE INC,,,,,,,,0,,,,,0,,,1,,,,X,,,,,,
(831) 583-3912,DBA FLOOR STORE USA,SAND CITY,CA,93955,,1,floorscapes,,,,,,1,REAM INC,,,,,,,,0,,,,,0,,,1,,,,X,,,,,,
(201) 372-2009,KORKMAZ RUGS & FLOORING,RUTHERFORD,NJ,7070,,1,floorscapes,,,,,,1,WORLDWIDE IMPEX CORP.,,,,,,,,0,,,,,0,,,1,,,,X,,,,,,
(207) 775-5781,AHJ MARKETING INC,PORTLAND,ME,04103-5904,,1,floorscapes,,,,,,1,CARPET & RUG DEPOT,,,,,,,,0,,,,,0,,,1,,,,X,,,,,,
(910) 347-7222,413 WESTERN BLVD,JACKSONVILLE,NC,28546,,1,floorscapes,,,,,,1,SHEPARDS FLOORS,,,,,,,,0,,,,,0,,,1,,,,X,,,,,,
(715) 233-3100,1701 STOUT RD STE A,MENOMONIE,WI,54751,,1,floorscapes,,,,,,1,MENOMONIE FLOORING CENTER,,,,,,,,0,,,,,0,,,1,,,,X,,,,,,
(631) 752-2752,TFS COMPANY INC,FARMINGDALE,NY,11735,,1,floorscapes,,,,,,1,FLOOR STORE THE,,,,,,,,0,,,,,0,,,1,,,,X,,,,,,
(574) 772-2708,FLETCHER DEE INC,KNOX,IN,46534,,1,floorscapes,,,,,,1,FLETCHERS WAREHOUSE CARPET,,,,,,,,0,,,,,0,,,1,,,,X,,,,,,
(254) 968-8288,1670 W SOUTH LOOP,STEPHENVILLE,TX,76401,,1,floorscapes,,,,,,1,DANNYS HOUSE OF CARPET INC,,,,,,,,0,,,,,0,,,1,,,,X,,,,,,
(951) 351-1991,9901 INDIANA AVE STE 104,RIVERSIDE,CA,92503,,1,floorscapes,,,,,,1,LEATHER GALLERY,,,,,,,,0,,,,,0,,,1,,,,X,,,,,,
(716) 773-3699,PO BOX 13,GRAND ISLAND,NY,14072,,1,floorscapes,,,,,,1,CONTRACT INTERIORS INC,,,,,,,,0,,,,,0,,,1,,,,X,,,,,,
(724) 228-8225,GREER DON JR,WASHINGTON,PA,15301,,1,floorscapes,,,,,,1,GREER'S DON FASHION FLOOR,,,,,,,,0,,,,,0,,,1,,,,X,,,,,,
(605) 225-5424,302 S 2ND ST,ABERDEEN,SD,57401,,1,floorscapes,,,,,,1,FINISHING TOUCH DESIGN STUDIO,,,,,,,,0,,,,,0,,,1,,,,X,,,,,,
(907) 260-0664,43421 K-BEACH ROAD,SOLDOTNA,AK,99669,,1,floorscapes,,,,,,1,FLOOR CENTER,,,,,,,,0,,,,,0,,,1,,,,X,,,,,,
(770) 476-6965,DBA GREGORY'S PAINT & FLOORING,JOHNS CREEK,GA,30097,,1,floorscapes,,,,,,1,RIVERSIDE INTERIORS DULUTH,,,,,,,,0,,,,,0,,,1,,,,X,,,,,,
(702) 888-8666,PO BOX 530672,HENDERSON,NV,89053,,1,floorscapes,,,,,,1,HOUSE 2 HOME RETAIL INC,,,,,,,,0,,,,,0,,,1,,,,X,,,,,,
(989) 345-5035,219 W HOUGHTON AVE,WEST BRANCH,MI,48661,,1,floorscapes,,,,,,1,MORSE CLARK FURNITURE CO,,,,,,,,0,,,,,0,,,1,,,,X,,,,,,
(815) 459-9311,5186 NORTHWEST HWY,CRYSTAL LAKE,IL,60014,,1,floorscapes,,,,,,1,REDLINE MANAGEMENT INC,,,,,,,,0,,,,,0,,,1,,,,X,,,,,,
(731) 645-5325,P.O. BOX 547,SELMER,TN,38375,,1,floorscapes,,,,,,1,HENCO INC,,,,,,,,0,,,,,0,,,1,,,,X,,,,,,
(419) 447-7175,2499 WEST MARKET ST,TIFFIN,OH,44883,,1,floorscapes,,,,,,1,COURTLEE INTERIORS INC,,,,,,,,0,,,,,0,,,1,,,,X,,,,,,
(410) 763-3850,218 N WASHINGTON ST,EASTON,MD,21601,,1,floorscapes,,,,,,1,MERIDA INC DBA BOUNTIFUL,,,,,,,,0,,,,,0,,,1,,,,X,,,,,,
(501) 505-5802,4005 PRINCE ST,CONWAY,AR,72034,,1,floorscapes,,,,,,1,MIKE'S CARPET INC,,,,,,,,0,,,,,0,,,1,,,,X,,,,,,
(707) 575-5933,DBA SUPERIOR FLOOR COVERING,SANTA ROSA,CA,95401,,1,floorscapes,,,,,,1,OLEMILL INC.,,,,,,,,0,,,,,0,,,1,,,,X,,,,,,
(865) 945-5335,1961 CLINTON HWY,POWELL,TN,37849,,1,floorscapes,,,,,,1,KAREN'S CARPET SALES INC.,,,,,,,,0,,,,,0,,,1,,,,X,,,,,,
(802) 448-8306,D/B/A ELEGANT FLOOR LLC,SHELBURNE,VT,5482,,1,floorscapes,,,,,,1,STR INC,,,,,,,,0,,,,,0,,,1,,,,X,,,,,,
(603) 624-4782,52 DOW ST,MANCHESTER,NH,03101-1211,,1,floorscapes,,,,,,1,FOUR STAR FLOORING INC,,,,,,,,0,,,,,0,,,1,,,,X,,,,,,
(410) 879-9301,CHURCHVILLE TILE & MARBLE,FOREST HILL,MD,21050,,1,floorscapes,,,,,,1,K A R  INC.,,,,,,,,0,,,,,0,,,1,,,,X,,,,,,
(304) 736-6394,G&R WAGNER ENTERPRISES INC,BARBOURSVILLE,WV,25504,,1,floorscapes,,,,,,1,HILLTOP CARPET,,,,,,,,0,,,,,0,,,1,,,,X,,,,,,
(805) 963-3192,614 OLIVE ST,SANTA BARBARA,CA,93101,,1,floorscapes,,,,,,1,CURTIS CARPETS,,,,,,,,0,,,,,0,,,1,,,,X,,,,,,
(989) 366-6724,OLIVERS HOUSE OF CPT & FURN,PRUDENVILLE,MI,48651,,1,floorscapes,,,,,,1,WWTT INTERIORS INC,,,,,,,,0,,,,,0,,,1,,,,X,,,,,,
(860) 291-1285,1315 JOHN FITCH BLVD,SOUTH WINDSOR,CT,6074,,1,floorscapes,,,,,,1,NASSAU'S FURNITURE CO,,,,,,,,0,,,,,0,,,1,,,,X,,,,,,
(724) 216-6561,1020 TOWNE SQUARE DR STE 2,GREENSBURG,PA,15601,,1,floorscapes,,,,,,1,FLOORSCAPES BY FARIS LLC,,,,,,,,0,,,,,0,,,1,,,,X,,,,,,
(345) 949-9634,PO BOX 10671 A P O,GRAND CAYMAN,,,,1,floorscapes,,,,,,1,EDIES DECOR LTD,,,,,,,,0,,,,,0,,,1,,,,X,,,,,,
(816) 524-4025,FLOORING CONCEPTS,LEES SUMMIT,MO,64086,,1,mohawk,,,,,,1,JE CONCEPTS,,,,,,,,1,EDMUND,LIPOWICZ,,,0,,,1,,,,,,,,X,,
(719) 346-6757,PO BOX 21,BURLINGTON,CO,80807,,1,mohawk,,,,,,1,GOOD HEALTH CLEANING CO,,,,,,,,1,DANIEL,TROYER,,,0,,,1,,,,,,,,X,,
(910) 347-2226,,JACKSONVILLE,NC,,shepards_floors@yahoo.com,2,consolidated,johanna,,,,,2,SHEPARDS FLOORS,SHEPARDS FLOORS,,,,,,,2,Perry,James,Perry,James,0,,,1,,X,,,X,,,,,
(765) 659-9236,1661 ROSSVILLE AVE,FRANKFORT,IN,46041,,1,mohawk,,,,,,1,ENCORE INSTALLATIONS INC.,,,,,,,,1,GLEN,BRAGG,,,0,,,1,,,,,,,,X,,
(630) 761-1999,ASHLAND FLOORING CO,BATAVIA,IL,60510,,1,mohawk,,,,,,1,ASHLAND GROUP LLC,,,,,,,,0,,,,,0,,,1,,,,,,,,X,,
(812) 522-2813,CARPETS BY CAINS INC,SEYMOUR,IN,47274,,1,mohawk,,,,,,1,CARPETS BY CAIN,,,,,,,,0,,,,,0,,,1,,,,,,,,X,,
(562) 696-6080,DRAKE DANIEL,WHITTIER,CA,90608,,1,mohawk,,,,,,1,DRAKES AFFORDABLE FLOORS,,,,,,,,0,,,,,0,,,1,,,,,,,,X,,
(805) 965-7751,210 E ORTEGA ST,SANTA BARBARA,CA,93101,,1,fabrica,,,,,,1,GENE SPROWL & ASSOCIATES,,,,,,,,0,,,,,0,,,1,,,X,,,,,,,
(225) 293-3222,BLINDS OF BATON ROUGE,BATON ROUGE,LA,70817,,1,floorscapes,,,,,,1,COMMERCIAL FLOORING & MINI,,,,,,,,0,,,,,0,,,1,,,,X,,,,,,
(269) 435-5843,1240 SOUTH WASHINGTON,CONSTANTINE,MI,49042,,1,mohawk,,,,,,1,CONSTANTINE CARPET CENTER,,,,,,,,0,,,,,0,,,1,,,,,,,,X,,
(251) 967-7170,GULFSHORES,GULF SHORES,AL,36542,,1,floorscapes,,,,,,1,AMERICAN CARPET SALES OF,,,,,,,,0,,,,,0,,,1,,,,X,,,,,,
(719) 637-7909,3975 N ACADEMY BLVD,COLORADO SPRINGS,CO,80917,,1,floorscapes,,,,,,1,NORTH ACADEMY INTERIORS,,,,,,,,0,,,,,0,,,1,,,,X,,,,,,
(480) 833-3445,THE FLOOR STORE,GILBERT,AZ,85233,,1,floorscapes,,,,,,1,THE FLOOR STORE INC,,,,,,,,0,,,,,0,,,1,,,,X,,,,,,
(770) 972-2129,4694 HIGHWAY 78,LILBURN,GA,30047,,1,floorscapes,,,,,,1,MARQUIS FLOORS INC,,,,,,,,0,,,,,0,,,1,,,,X,,,,,,
(507) 725-5344,131 EAST MAIN STREET,CALEDONIA,MN,55921,,1,mohawk,,,,,,1,TORGERSON PAINT & FLOOR COV,,,,,,,,1,BARB,TORGERSON,,,0,,,1,,,,,,,,X,,
(706) 738-8970,FOGELS CARPET & VINYL,AUGUSTA,GA,30909,,1,mohawk,,,,,,1,HELMS ENTERPRISES INC,,,,,,,,1,ANN,HELMS,,,0,,,1,,,,,,,,X,,
(916) 366-6938,9800A BUSINESS PARK DR,SACRAMENTO,CA,95827,,1,floorscapes,,,,,,1,MARSH'S CARPET,,,,,,,,0,,,,,0,,,1,,,,X,,,,,,
(517) 339-9438,1575 HASLETT ROAD,HASLETT,MI,48840,,1,floorscapes,,,,,,1,WILLIAMS CARPET INC,,,,,,,,0,,,,,0,,,1,,,,X,,,,,,
(575) 258-8880,MCCRACKEN'S,RUIDOSO,NM,88345-7206,,1,floorscapes,,,,,,1,DEVO CORPORATION,,,,,,,,0,,,,,0,,,1,,,,X,,,,,,
(386) 325-5046,DBA PALATKA,PALATKA,FL,32177,,1,mohawk,,,,,,2,WATTS COMMERCIAL FLOORS, INC,,,,,,,1,JAMES,WATTS,,,0,,,1,,,,,,,,X,,
(818) 995-6566,17472 VENTURA BLVD,ENCINO,CA,91316,,2,fabrica,masland,,,,,3,CARPET CONCOURSE, INC.,B L & L CORPORATION,,,,,,0,,,,,0,,,1,,,X,,,,X,,,
(440) 899-5200,30655 DETROIT ROAD,WESTLAKE,OH,44145,,2,fabrica,masland,,,,,2,COLLECTORS GALLERY & INTERIORS,GARTH ANDREW'S ASSOCIATES INC,,,,,,,0,,,,,0,,,1,,,X,,,,X,,,
(714) 533-6500,1439 S. STATE COLLEGE BLVD,ANAHEIM,CA,92806,,2,fabrica,masland,,,,,2,R.M. PARTNERS,TURLOCK FLOORCOVERING,,,,,,,0,,,,,0,,,1,,,X,,,,X,,,
(847) 446-1600,1779 WINNETKA ROAD,NORTHFIELD,IL,60093,,2,fabrica,masland,,,,,2,VILLAGE CARPETS,UCC TOTAL HOME,,,,,,,0,,,,,0,,,1,,,X,,,,X,,,
(405) 842-9000,7118 N. WESTERN AVE,OKLAHOMA CITY,OK,73116,,2,fabrica,masland,,,,,2,LCR ENTERPRISES LLC,INTERIOR DESIGN STUDIO,,,,,,,0,,,,,0,,,1,,,X,,,,X,,,
(610) 757-2000,555 S. HENDERSON RD,KING OF PRUSSIA,PA,19406,,2,fabrica,masland,,,,,2,GCW CARPET WHOLESALERS,BIXBY PLAZA CARPETS INC,,,,,,,0,,,,,0,,,1,,,X,,,,X,,,
(201) 569-7067,1 GRAND AVE,ENGLEWOOD,NJ,7631,,2,fabrica,masland,,,,,2,NAZAR CARPET CO.,VINTAGE DESIGN,,,,,,,0,,,,,0,,,1,,,X,,,,X,,,
(360) 671-5880,1605 N STATE ST,BELLINGHAM,WA,98225,,2,fabrica,masland,,,,,3,ERICKSON INTERIORS,DE/MAR CO BROKERAGE, LTD,,,,,,0,,,,,0,,,1,,,X,,,,X,,,
(941) 923-5499,3913 CLARK RD,SARASOTA,FL,34233,,2,fabrica,masland,,,,,2,CHAPPIE'S CARPET & FLOORS INC,GEORGE GOEDECKE & SON INC,,,,,,,0,,,,,0,,,1,,,X,,,,X,,,
(772) 334-5221,1084 NE JENSEN BEACH BLVD,JENSEN BEACH,FL,34957,,2,fabrica,masland,,,,,2,SISTO INC,THE PARK COLLECTION,,,,,,,0,,,,,0,,,1,,,X,,,,X,,,
(801) 706-5724,801 SOUTH 900 EAST,SALT LAKE CITY,UT,84102,,2,fabrica,masland,,,,,2,MIKE V BOWMAN,OSCAR ISBERIAN,,,,,,,0,,,,,0,,,1,,,X,,,,X,,,
(631) 399-9189,DBA/CARPET EXPRESS,ROCKY POINT,NY,11778,,1,floorscapes,,,,,,1,HOUSE OF CARPET INC,,,,,,,,0,,,,,0,,,1,,,,X,,,,,,
(256) 782-2153,AND FLOORING LLC,JACKSONVILLE,AL,36265,,1,mohawk,,,,,,1,JACKSONVILLE DISCOUNT CARPET,,,,,,,,1,GEORGE,WATSON,,,0,,,1,,,,,,,,X,,
(703) 978-2603,9541 BRADDOCK ROAD,FAIRFAX,VA,22032,,3,consolidated,johanna,masland,,,,6,THE FLOOR STORE OF VA., INC.,THE FLOOR STORE OF VA., INC.,THE FLOOR STORE OF VA., INC.,,,1,Roy,Clawes,,,0,,,1,,X,,,X,,X,,,
(325) 673-3509,3142 S 27TH ST,ABILENE,TX,79605,,1,floorscapes,,,,,,1,MENKE INC,,,,,,,,0,,,,,0,,,1,,,,X,,,,,,
(910) 579-9759,7196 BEACH DR SW,OCEAN ISLE BEACH,NC,28469,,1,mohawk,,,,,,1,WILLIAMS CARPET G K INC,,,,,,,,1,JOEL,LEE,,,0,,,1,,,,,,,,X,,
(850) 455-5044,3620 W. FAIRFIELD,PENSACOLA,FL,32505,,1,mohawk,,,,,,2,A & L CARPETS, INC.,,,,,,,1,ALAN,TATUM,,,0,,,1,,,,,,,,X,,
(478) 922-2774,1251 WATSON BLVD,WARNER ROBINS,GA,31093,,1,floorscapes,,,,,,1,H & H CARPETS INC,,,,,,,,0,,,,,0,,,1,,,,X,,,,,,
(732) 671-3563,947 HIGHWAY # 35,MIDDLETOWN,NJ,7748,,1,masland,,,,,,1,D S TIFTICKJIAN IMPORTS I,,,,,,,,0,,,,,0,,,1,,,,,,,X,,,
(310) 454-0697,874 VIA DE LAPAZ,PACIFIC PALISADES,CA,90272,,1,masland,,,,,,1,DRAPERY WORLD,,,,,,,,0,,,,,0,,,1,,,,,,,X,,,
(860) 677-7072,176 WEST MAIN,AVON,CT,6001,,1,masland,,,,,,1,CARPET CITY INC,,,,,,,,0,,,,,0,,,1,,,,,,,X,,,
(302) 656-5496,2107 CONCORD PK.,WILMINGTON,DE,19803,,1,masland,,,,,,2,SMITH CHARLES ASSOCIATES, INC.,,,,,,,0,,,,,0,,,1,,,,,,,X,,,
(302) 652-4500,600 S COLONIAL AVE,ELSMERE,DE,19805,,1,masland,,,,,,1,BARNARDS CARPET,,,,,,,,0,,,,,0,,,1,,,,,,,X,,,
(954) 927-0237,1589  N.W. 12TH AVE.,POMPANO BEACH,FL,33069,,1,masland,,,,,,1,HESSLERS INC,,,,,,,,0,,,,,0,,,1,,,,,,,X,,,
(904) 396-2233,3139 PHILLIPS HWY,JACKSONVILLE,FL,32207,,1,masland,,,,,,2,CARPET SOURCE, INC.,,,,,,,0,,,,,0,,,1,,,,,,,X,,,
(561) 689-0662,799 N MILITARY TRAIL,WEST PALM BEACH,FL,33415,,1,masland,,,,,,1,FLOOR FASHIONS,,,,,,,,0,,,,,0,,,1,,,,,,,X,,,
(912) 236-7173,P O BOX 3707,SAVANNAH,GA,31404,,1,masland,,,,,,1,CARPETCRAFTERS INC,,,,,,,,0,,,,,0,,,1,,,,,,,X,,,
(773) 528-3350,3071-75 N LINCOLN AVE,CHICAGO,IL,60657,,1,masland,,,,,,1,WATSON SMITH CO,,,,,,,,0,,,,,0,,,1,,,,,,,X,,,
(630) 852-5821,229 W OGDEN AVENUE,WESTMONT,IL,60559,,1,masland,,,,,,1,VILLAGE CARPETS INC.,,,,,,,,0,,,,,0,,,1,,,,,,,X,,,
(301) 949-0550,PO BOX 489,ASHTON,MD,20861,,1,masland,,,,,,1,CARPET BARN INC,,,,,,,,0,,,,,0,,,1,,,,,,,X,,,
(732) 449-8575,2418 HIGHWAY 35,MANASQUAN,NJ,8736,,1,masland,,,,,,1,MAJOR MILLS INC,,,,,,,,0,,,,,0,,,1,,,,,,,X,,,
(215) 355-2510,1010 PULINSKI RD,IVYLAND,PA,18974,,1,masland,,,,,,1,NORMAN CARPETS CO INC,,,,,,,,0,,,,,0,,,1,,,,,,,X,,,
(215) 855-5757,331 S BROAD STREET,LANSDALE,PA,19446,,1,masland,,,,,,1,JUDAH INC.,,,,,,,,0,,,,,0,,,1,,,,,,,X,,,
(412) 444-0021,1840 GREENTREE ROAD,PITTSBURGH,PA,15220-1899,,1,masland,,,,,,1,ANGELO'S CARPET GALLERY,,,,,,,,0,,,,,0,,,1,,,,,,,X,,,
(215) 256-8846,P. O. BOX 85,HARLEYSVILLE,PA,19438,,1,masland,,,,,,1,KISER'S FLOOR FASHIONS IN,,,,,,,,0,,,,,0,,,1,,,,,,,X,,,
(615) 297-3541,PO BOX 150507,NASHVILLE,TN,37215,,1,masland,,,,,,1,GRAPHIC LOOMS INC,,,,,,,,0,,,,,0,,,1,,,,,,,X,,,
(309) 282-3334,1429 WEST PIONEER PARKWAY,PEORIA,IL,61615-1960,,1,masland,,,,,,1,JOHN WILLIAMS INTERIORS,,,,,,,,0,,,,,0,,,1,,,,,,,X,,,
(585) 352-5905,5580 RIDGE ROAD WEST,SPENCERPORT,NY,14559,,1,masland,,,,,,2,S.I.R. ENTERPRISES, INC.,,,,,,,0,,,,,0,,,1,,,,,,,X,,,
(609) 737-2466,"#7 ROUTE 31 NORTH, STE G",PENNINGTON,NJ,8534,,1,masland,,,,,,1,C.G. COE & SONS INC.,,,,,,,,0,,,,,0,,,1,,,,,,,X,,,
(781) 596-0345,515 LOWELL ST,PEABODY,MA,1960,,1,masland,,,,,,1,PIERCE FLOORING,,,,,,,,0,,,,,0,,,1,,,,,,,X,,,
(914) 834-7300,161 LARCHMONT AVE.,LARCHMONT,NY,10538,,1,masland,,,,,,1,RUSMUR FLOORS INC.,,,,,,,,0,,,,,0,,,1,,,,,,,X,,,
(309) 662-7800,11 WESTPORT COURT,BLOOMINGTON,IL,61704,,1,masland,,,,,,1,LINDA C. HOWELL & ASSOC.,,,,,,,,0,,,,,0,,,1,,,,,,,X,,,
(973) 425-9191,1095 MT KEMBLE AVE,MORRISTOWN,NJ,7960,,1,masland,,,,,,1,CRAFTSMAN AND COLLECTOR,,,,,,,,0,,,,,0,,,1,,,,,,,X,,,
(512) 327-8326,3425 BEE CAVE ROAD,AUSTIN,TX,78746,,1,masland,,,,,,1,HERITAGE CARPET & TILE,,,,,,,,0,,,,,0,,,1,,,,,,,X,,,
(610) 933-5300,1000 TOWNSHIP LINE ROAD STE 6,PHOENIXVILLE,PA,19460,,1,masland,,,,,,1,KATIE HIXON INTERIORS,,,,,,,,0,,,,,0,,,1,,,,,,,X,,,
(954) 776-0831,2156 NORTH EAST 64TH ST.,FORT LAUDERDALE,FL,33308,,1,masland,,,,,,1,MAJESTIC FLOORS & INTERIORS,,,,,,,,0,,,,,0,,,1,,,,,,,X,,,
(616) 957-0430,"1113 WEALTHY STREET, SE",GRAND RAPIDS,MI,49506,,1,masland,,,,,,1,LYNN BUCH INTERIORS,,,,,,,,0,,,,,0,,,1,,,,,,,X,,,
(847) 583-3000,333 NORTHWEST AVE.,NORTHLAKE,IL,60164,,1,masland,,,,,,1,LASALLE BRISTOL LP,,,,,,,,0,,,,,0,,,1,,,,,,,X,,,
(952) 935-1211,1200 MAIN STREET,HOPKINS,MN,55343,,1,masland,,,,,,1,T. CANDACE HOLLADAY INT.,,,,,,,,0,,,,,0,,,1,,,,,,,X,,,
(201) 445-0807,225 GOFFLE ROAD,RIDGEWOOD,NJ,7450,,1,masland,,,,,,1,SAN JOAQUIN INTERIORS,,,,,,,,0,,,,,0,,,1,,,,,,,X,,,
(770) 936-8774,3491 CHAMBLEE DUNWOODY WA,CHAMBLEE,GA,30341,,1,masland,,,,,,1,AHJ LLC,,,,,,,,0,,,,,0,,,1,,,,,,,X,,,
(203) 775-3399,"195 FEDERAL ROAD, SUITE 2",BROOKFIELD,CT,6804,,1,masland,,,,,,1,CHATEAU INTERIORS & DESIGN,,,,,,,,0,,,,,0,,,1,,,,,,,X,,,
(973) 966-6102,15 PARK AVENUE,MADISON,NJ,7940,,1,masland,,,,,,1,CLEAN CPT. OF NEW ENGLAND,,,,,,,,0,,,,,0,,,1,,,,,,,X,,,
(772) 778-4977,775 8TH COURT  STE 1,VERO BEACH,FL,32962,,1,masland,,,,,,1,KIMBERLY WEDER,,,,,,,,0,,,,,0,,,1,,,,,,,X,,,
(604) 438-7464,18814 S. CRENSHAW,TORRANCE,CA,90504,,2,masland,masland,,,,,2,MADDEN MCFARLAND,PORTLAND CARPET CENTER,,,,,,,0,,,,,0,,,1,,,,,,,X,,,
(570) 675-8691,RT 309 MEMORIAL HWY,DALLAS,PA,18612,,1,masland,,,,,,2,DELANZ, INC.,,,,,,,0,,,,,0,,,1,,,,,,,X,,,
(954) 583-2444,6741 W. SUNRISE BLVD. #9,FORT LAUDERDALE,FL,33313,,1,masland,,,,,,1,NIGOHSIAN CARPET & RUG CO. INC,,,,,,,,0,,,,,0,,,1,,,,,,,X,,,
(310) 659-5722,8784 BEVERLY BLVD.,LOS ANGELES,CA,90048,,1,masland,,,,,,1,WORLDWIDE WHOLESALE,,,,,,,,0,,,,,0,,,1,,,,,,,X,,,
(702) 644-0113,4438 MITCHELL ST.,NORTH LAS VEGAS,NV,89081,,1,masland,,,,,,1,ROCKY MOUNTAIN FLOOR,,,,,,,,0,,,,,0,,,1,,,,,,,X,,,
(908) 782-7662,151 ROUTE 31,FLEMINGTON,NJ,8822,,1,masland,,,,,,2,CARPET RESOURCES, LTD,,,,,,,0,,,,,0,,,1,,,,,,,X,,,
(703) 273-2500,10708 B FAIRFAX BLVD,FAIRFAX,VA,22030,,1,masland,,,,,,1,JOHN FARIS,,,,,,,,0,,,,,0,,,1,,,,,,,X,,,
(610) 828-3610,111 EAST 15TH AVE,CONSHOHOCKEN,PA,19428,,1,masland,,,,,,2,JOAN MARING NELSON, LTD,,,,,,,0,,,,,0,,,1,,,,,,,X,,,
(718) 377-0531,1260 MCDONALD AVENUE,BROOKLYN,NY,11230,,1,masland,,,,,,1,DODGSON INTERIORS,,,,,,,,0,,,,,0,,,1,,,,,,,X,,,
(504) 833-1155,400 JEFFERSON HWY,JEFFERSON,LA,70121,,1,masland,,,,,,1,HADINGER ENTERPRISES INC,,,,,,,,0,,,,,0,,,1,,,,,,,X,,,
(703) 765-1900,7508 RICHMOND HW,ALEXANDRIA,VA,22306,,1,masland,,,,,,1,JANZ INC.,,,,,,,,0,,,,,0,,,1,,,,,,,X,,,
(703) 742-7930,1363 BEVERLY ROAD,MCLEAN,VA,22101,,1,masland,,,,,,2,SAN MATEO CARPETS, INC.,,,,,,,0,,,,,0,,,1,,,,,,,X,,,
(651) 224-7728,120 W. PLATO BLVD.,ST. PAUL,MN,55107,,1,masland,,,,,,1,EHLEN FLOOR COVERING,,,,,,,,0,,,,,0,,,1,,,,,,,X,,,
(336) 841-4328,PO BOX 1550,JAMESTOWN,NC,27282,,1,masland,,,,,,2,ASARO INVESTMENTS, INC.,,,,,,,0,,,,,0,,,1,,,,,,,X,,,
(772) 221-1000,ONE EAST OCEAN BLVD.,STUART,FL,34994,,1,masland,,,,,,2,THE DESIGN SOURCE, LTD,,,,,,,0,,,,,0,,,1,,,,,,,X,,,
(203) 622-1200,120 E. PUTNAM AVE.,GREENWICH,CT,6830,,1,masland,,,,,,1,ANDERSON & SONS CARPETS LTD,,,,,,,,0,,,,,0,,,1,,,,,,,X,,,
(605) 335-6687,2101 WEST 41ST ST #4A,SIOUX FALLS,SD,57105,,1,masland,,,,,,1,CMC CARPET OUTLET,,,,,,,,0,,,,,0,,,1,,,,,,,X,,,
(732) 223-0390,38 TAYLOR AVENUE,MANASQUAN,NJ,8736,,1,masland,,,,,,2,P. S. OF DALLAS COUNTY, INC.,,,,,,,0,,,,,0,,,1,,,,,,,X,,,
(949) 240-1545,34094 PACIFIC COAST HWY.,DANA POINT,CA,92629,,1,masland,,,,,,1,KEPPLE ENTERPRISES INC,,,,,,,,0,,,,,0,,,1,,,,,,,X,,,
(856) 767-1999,110 CUSHMAN AVE,WEST BERLIN,NJ,8091,,1,masland,,,,,,1,FEDDERLY COMPANIES,,,,,,,,0,,,,,0,,,1,,,,,,,X,,,
(856) 985-5550,935 RT 73 SOUTH,MARLTON,NJ,8053,,1,masland,,,,,,2,CDK CARPET, INC.,,,,,,,0,,,,,0,,,1,,,,,,,X,,,
(772) 692-2561,1703 N.W. FEDERAL HWY,STUART,FL,34994,,1,masland,,,,,,1,PROSOURCE OF DENVER,,,,,,,,0,,,,,0,,,1,,,,,,,X,,,
(954) 463-0361,3184 NE 12TH AVE,FT. LAUDERDALE,FL,33334,,1,masland,,,,,,1,DESIGN IDEAS,,,,,,,,0,,,,,0,,,1,,,,,,,X,,,
(209) 632-4680,228 N. FIRST ST,TURLOCK,CA,95380,,1,masland,,,,,,1,DOROTHY EWALD INC.,,,,,,,,0,,,,,0,,,1,,,,,,,X,,,
(212) 362-1702,600 AMSTERDAM AVE,NEW YORK,NY,10024,,1,masland,,,,,,1,ANDREW J BOYAJIAN INC,,,,,,,,0,,,,,0,,,1,,,,,,,X,,,
(336) 725-8226,1168 W 4TH STREET,WINSTON SALEM,NC,27101,,1,masland,,,,,,1,MIDA INC,,,,,,,,0,,,,,0,,,1,,,,,,,X,,,
(405) 321-5665,510 HIGHLAND PARKWAY,NORMAN,OK,73069,,1,masland,,,,,,1,CHAPPIES CARPET & FLOORS,,,,,,,,0,,,,,0,,,1,,,,,,,X,,,
(405) 681-2121,1833 SOUTH MAY AVENUE,OKLAHOMA CITY,OK,73108,,1,masland,,,,,,1,INDIANAPOLIS CUSTOM CARPETING,,,,,,,,0,,,,,0,,,1,,,,,,,X,,,
(215) 389-7363,2037 WASHINGTON AVE,PHILADELPHIA,PA,19146,,1,masland,,,,,,1,MEUTH CARPET & SUPPLY INC.,,,,,,,,0,,,,,0,,,1,,,,,,,X,,,
(703) 359-4900,3809 PICKETT ROAD,FAIRFAX,VA,22031,,1,masland,,,,,,1,NAMPA FLOORS & INTERIORS,,,,,,,,0,,,,,0,,,1,,,,,,,X,,,
(812) 853-7361,8088 ROBIN HILL ROAD,NEWBURGH,IN,47630,,1,masland,,,,,,1,CALIFORNIA FLOORING & FURN,,,,,,,,0,,,,,0,,,1,,,,,,,X,,,
(865) 246-0153,4501 WESTERN AVENUE,KNOXVILLE,TN,37921,,1,masland,,,,,,1,MOORE'S FLOORS INC.,,,,,,,,0,,,,,0,,,1,,,,,,,X,,,
(215) 836-2254,807 BETHLEHEM PIKE,ERDENHEIM,PA,19038,,1,masland,,,,,,1,CALIFORNIA CUSHION & CARPET,,,,,,,,0,,,,,0,,,1,,,,,,,X,,,
(215) 361-9100,668 BETHLEHEM PIKE  STE C,MONTGOMERYVILLE,PA,18936,,1,masland,,,,,,2,RABY COMPANIES, INC,,,,,,,0,,,,,0,,,1,,,,,,,X,,,
(203) 438-9292,724 DANBURY ROAD,RIDGEFIELD,CT,6877,,1,masland,,,,,,1,LYNN DONALDSON & ASSOC,,,,,,,,0,,,,,0,,,1,,,,,,,X,,,
(508) 432-4151,192 ROUTE 137,EAST HARWICH,MA,2645,,1,masland,,,,,,2,CSCOBA, INC,,,,,,,0,,,,,0,,,1,,,,,,,X,,,
(512) 834-0110,2020 D RUTLAND DRIVE,AUSTIN,TX,78758,,1,masland,,,,,,1,COMPLEMENTS DECORATING INC,,,,,,,,0,,,,,0,,,1,,,,,,,X,,,
(573) 348-9017,P O. BOX 1385,SEDALIA,MO,65302,,1,masland,,,,,,1,DANCO INC.,,,,,,,,0,,,,,0,,,1,,,,,,,X,,,
(212) 268-9140,16TH FLOOR,NEW YORK,NY,10018-3636,,1,masland,,,,,,1,THE CARPET LINE LTD.,,,,,,,,0,,,,,0,,,1,,,,,,,X,,,
(323) 838-5450,6601 TELEGRAPH ROAD,COMMERCE,CA,90040,,1,masland,,,,,,2,FLOOR COVERING RESOURCES, INC.,,,,,,,0,,,,,0,,,1,,,,,,,X,,,
(916) 626-6800,5842 LONETREE BLVD,ROCKLIN,CA,95765,,1,masland,,,,,,1,PROSOURCE GTA WEST,,,,,,,,0,,,,,0,,,1,,,,,,,X,,,
(612) 588-7600,1815 WEST RIVER ROAD,MINNEAPOLIS,MN,55411,,1,masland,,,,,,1,VENETIAN BLIND & FLOOR,,,,,,,,0,,,,,0,,,1,,,,,,,X,,,
(800) 951-6888,19425 E WALNUT DRIVE SOUTH,CITY OF INDUSTRY,CA,91748,,1,masland,,,,,,1,BUFFALO ASSOCIATES LLC,,,,,,,,0,,,,,0,,,1,,,,,,,X,,,
(425) 861-9070,P O BOX 2076,WOODINVILLE,WA,98072,,1,masland,,,,,,1,TYSON CARPETS LIMITED,,,,,,,,0,,,,,0,,,1,,,,,,,X,,,
(952) 884-3114,9201 BLOOMINGTON FREEWAY STEJJ,BLOOMINGTON,MN,55420,,1,masland,,,,,,1,EDGAR & MINER CPT &  DRAPERIES,,,,,,,,0,,,,,0,,,1,,,,,,,X,,,
(941) 845-1900,4551 N WASHINGTON BLVD.,SARASOTA,FL,34234,,1,masland,,,,,,1,DESIGN GUILD,,,,,,,,0,,,,,0,,,1,,,,,,,X,,,
(847) 991-9494,100 S. NORTHWEST HWY,PALATINE,IL,60074,,1,masland,,,,,,1,TERESA'S TILE & CARPET,,,,,,,,0,,,,,0,,,1,,,,,,,X,,,
(631) 765-3663,46025 ROUTE 48,SOUTHOLD,NY,11971,,1,masland,,,,,,2,ALL COUNTY OFFICE INT., INC.,,,,,,,0,,,,,0,,,1,,,,,,,X,,,
(574) 224-2529,1430 E. 9TH STREET,ROCHESTER,IN,46975,,1,masland,,,,,,2,FURNISH YOUR HOME, INC.,,,,,,,0,,,,,0,,,1,,,,,,,X,,,
(713) 334-0077,6815 NORTHAMPTON WAY,HOUSTON,TX,77055,,1,masland,,,,,,2,ACKER FLOORING, INC,,,,,,,0,,,,,0,,,1,,,,,,,X,,,
(916) 487-8775,2804 MARCONI AVE,SACRAMENTO,CA,95821,,1,masland,,,,,,1,A.C. RAMIREZ FLOOR COVERING,,,,,,,,0,,,,,0,,,1,,,,,,,X,,,
(508) 480-8552,344 BOSTON POST ROAD EAST,MARLBORO,MA,1752,,1,masland,,,,,,1,TAMERA EMBREE DESIGNS,,,,,,,,0,,,,,0,,,1,,,,,,,X,,,
(918) 794-6343,1002 N CENTRAL STE 601,RICHARDSON,TX,75080,,1,masland,,,,,,1,WHOLESALE FLOORING OF JACKSONV,,,,,,,,0,,,,,0,,,1,,,,,,,X,,,
(715) 736-1414,318 S MAIN STREET,RICE LAKE,WI,54868,,1,masland,,,,,,1,DESIGNERS CHOICE,,,,,,,,0,,,,,0,,,1,,,,,,,X,,,
(508) 775-6100,445 WEST MAIN STREET,HYANNIS,MA,2601,,1,masland,,,,,,1,JOHNSON & HODSON INTERIOR DES,,,,,,,,0,,,,,0,,,1,,,,,,,X,,,
(773) 202-5862,10 N. DAVIS DRIVE,BELLWOOD,IL,60104,,1,masland,,,,,,2,WOVEN FLOORS, INC,,,,,,,0,,,,,0,,,1,,,,,,,X,,,
(305) 451-4460,99264 U.S. 1,KEY LARGO,FL,33037,,1,masland,,,,,,1,LARRY J LINT,,,,,,,,0,,,,,0,,,1,,,,,,,X,,,
(908) 852-3336,1914 ROUTE 57,HACKETTSTOWN,NJ,7840,,1,masland,,,,,,1,NORTHWEST INTERIORS INC.,,,,,,,,0,,,,,0,,,1,,,,,,,X,,,
(301) 924-7331,18167 VILLAGE MART DRIVE,OLNEY,MD,20832,,1,masland,,,,,,1,RUBENSTEINS'S,,,,,,,,0,,,,,0,,,1,,,,,,,X,,,
(718) 376-6065,501 AVENUE U,BROOKLYN,NY,11223,,1,masland,,,,,,1,SAMALCO LLC,,,,,,,,0,,,,,0,,,1,,,,,,,X,,,
(317) 873-6202,100 NORTH FIRST STREET,ZIONSVILLE,IN,46077,,1,masland,,,,,,1,RPR CONSTRUCTION CO,,,,,,,,0,,,,,0,,,1,,,,,,,X,,,
(732) 345-1500,284 OLD DEAL RD,EATONTOWN,NJ,7724,,1,masland,,,,,,1,MODERN CARPET INC.,,,,,,,,0,,,,,0,,,1,,,,,,,X,,,
(260) 724-2180,1337 VILLAGE GREEN DRIVE,DECATUR,IN,46733,,1,masland,,,,,,1,ANGELA MORTON INTERIOR DESIGN,,,,,,,,0,,,,,0,,,1,,,,,,,X,,,
(415) 543-1234,P O BOX 841,BELMONT,CA,94002,,1,masland,,,,,,2,CARPET CONSULTANTS, INC.,,,,,,,0,,,,,0,,,1,,,,,,,X,,,
(602) 369-7031,2323 S. BUTTE AVENUE,TEMPE,AZ,85282,,1,masland,,,,,,1,FASHION CARPETS INC.,,,,,,,,0,,,,,0,,,1,,,,,,,X,,,
(818) 843-4773,633 S. SAN FERNANDO BLVD.,BURBANK,CA,91502,,1,masland,,,,,,1,THE RUG MART INC.,,,,,,,,0,,,,,0,,,1,,,,,,,X,,,
(915) 585-2600,7100 WESTWIND  STE.145,EL PASO,TX,79912,,1,masland,,,,,,2,ARNQUIST HOME CENTER, INC.,,,,,,,0,,,,,0,,,1,,,,,,,X,,,
(320) 763-8050,410 30TH AVENUE EAST  #106,ALEXANDRIA,MN,56308,,1,masland,,,,,,2,GATEWAY TEXTILES, INCORPORATED,,,,,,,0,,,,,0,,,1,,,,,,,X,,,
(973) 239-6666,770 BLOOMFIELD AVE,VERONA,NJ,7044,,1,masland,,,,,,1,FLOOR EXPO INC,,,,,,,,0,,,,,0,,,1,,,,,,,X,,,
(770) 916-0989,1417 CHATTAHOOCHEE AVE,ATLANTA,GA,30318,,1,masland,,,,,,1,SLAUGHTERBECK FLOORS,,,,,,,,0,,,,,0,,,1,,,,,,,X,,,
(630) 892-8600,PO BOX 221,NORTH AURORA,IL,60542,,1,masland,,,,,,2,PARACCA INTERIORS, INC,,,,,,,0,,,,,0,,,1,,,,,,,X,,,
(615) 732-0345,PO BOX 41756,NASHVILLE,TN,37204,,1,masland,,,,,,2,M & Z CARPETS, INC,,,,,,,0,,,,,0,,,1,,,,,,,X,,,
(717) 545-5531,4747 JONESTOWN ROAD,HARRISBURG,PA,17109,,1,masland,,,,,,2,SOUTHWEST FLOOR DESIGN, INC.,,,,,,,0,,,,,0,,,1,,,,,,,X,,,
(518) 828-2595,195 HEALY BLVD.,HUDSON,NY,12534,,1,masland,,,,,,1,CARPET DIRECT CORPORATION,,,,,,,,0,,,,,0,,,1,,,,,,,X,,,
(864) 627-0000,P. O. BOX 488,CALHOUN,GA,30703,,1,masland,,,,,,2,ALL PRO RESTORATION, INC.,,,,,,,0,,,,,0,,,1,,,,,,,X,,,
(212) 843-9464,"246 FIFTH AVENUE, SUITE 304",NEW YORK,NY,10001,,1,masland,,,,,,1,SIGNATURE FLOORS & DESIGN,,,,,,,,0,,,,,0,,,1,,,,,,,X,,,
(770) 205-2899,6835 SHILOH ROAD  STE. C-8,ALPHARETTA,GA,30005,,1,masland,,,,,,1,STRAUS MAINTENANCE COMPANY,,,,,,,,0,,,,,0,,,1,,,,,,,X,,,
(704) 523-2221,PO BOX 19112,CHARLOTTE,NC,28219-9112,,1,masland,,,,,,1,EXCEPTIONAL FLOORING CONCEPTS,,,,,,,,0,,,,,0,,,1,,,,,,,X,,,
(973) 585-7635,241 CEDAR KNOLLS RD,CEDAR KNOLLS,NJ,7927,,1,masland,,,,,,1,BRYSON FLOORING,,,,,,,,0,,,,,0,,,1,,,,,,,X,,,
(828) 743-9919,56 CHASIERS CENTER,CASHIERS,NC,28717,,1,masland,,,,,,1,CARPET DIRECT LIMITED,,,,,,,,0,,,,,0,,,1,,,,,,,X,,,
(973) 575-8317,131 RT 46 W,FAIRFIELD,NJ,7004,,1,masland,,,,,,2,PLOUTOS ENTERPRISES, LTD.,,,,,,,0,,,,,0,,,1,,,,,,,X,,,
(847) 241-1761,734 S VERMONT STREET,PALATINE,IL,60067,,1,masland,,,,,,2,THE FLOOR COLLECTION, LLC,,,,,,,0,,,,,0,,,1,,,,,,,X,,,
(208) 324-8131,2716 SOUTH LINCOLN STE G,JEROME,ID,83338,,1,masland,,,,,,1,MIDWEST GROUT RENOVATION,,,,,,,,0,,,,,0,,,1,,,,,,,X,,,
(631) 208-8488,1241 OLD COUNTRY ROAD,RIVERHEAD,NY,11901,,1,masland,,,,,,1,BLOSSOM VALLEY INTERIORS,,,,,,,,0,,,,,0,,,1,,,,,,,X,,,
(408) 269-2966,1191 MERIDIAN AVE,SAN JOSE,CA,95125,,1,masland,,,,,,1,J & J BRANFORD INCORPORATED,,,,,,,,0,,,,,0,,,1,,,,,,,X,,,
(701) 478-1200,3209 FIECHTNER DR S W,FARGO,ND,58103,,1,masland,,,,,,1,BLOOMINGTON LINOLEUM & CARPET,,,,,,,,0,,,,,0,,,1,,,,,,,X,,,
(801) 798-1325,117 N MAIN STREET,SPANISHFORK,UT,84660,,1,masland,,,,,,1,C B FLOORING LLC,,,,,,,,0,,,,,0,,,1,,,,,,,X,,,
(303) 456-4139,10447 W 83RD AVENUE #B,ARVADA,CO,80005,,1,masland,,,,,,1,ATTRACTIVE FLOORINGS LLC,,,,,,,,0,,,,,0,,,1,,,,,,,X,,,
(913) 897-7323,12708 REEDS STREET,OVERLAND PARK,KS,66210,,1,masland,,,,,,1,HAMILTON FLOOR COVERING,,,,,,,,0,,,,,0,,,1,,,,,,,X,,,
(609) 890-6111,825 RT 33,MERCERVILLE,NJ,8619,,1,masland,,,,,,1,CARPET SOUTH,,,,,,,,0,,,,,0,,,1,,,,,,,X,,,
(860) 951-3145,1429 PARK ST #100,HARTFORD,CT,6106,,1,masland,,,,,,1,PS OF SOUTHERN CALIFORNIA,,,,,,,,0,,,,,0,,,1,,,,,,,X,,,
(770) 448-7174,3664 OAKCLIFF RD,DORAVILLE,GA,30340,,1,masland,,,,,,1,PS OF SOUTHERN CALIFORNIA,,,,,,,,0,,,,,0,,,1,,,,,,,X,,,
(865) 584-7555,6513 KINGSTON PIKE  SUITE C,KNOXVILLE,TN,37919,,1,masland,,,,,,1,HUDSON DESIGN,,,,,,,,0,,,,,0,,,1,,,,,,,X,,,
(425) 885-4161,15810 BEAR CREEK PARKWAY,REDMOND,WA,98052,,1,masland,,,,,,1,STACY & ASSOCIATES,,,,,,,,0,,,,,0,,,1,,,,,,,X,,,
(401) 723-6996,25 ESTEN AVENUE,PAWTUCKET,RI,2860,,1,masland,,,,,,1,P S J M INCORPORATED,,,,,,,,0,,,,,0,,,1,,,,,,,X,,,
(800) 666-2778,24470 INDOPLEX CIRCLE,FARMINGTON HILLS,MI,48335,,1,masland,,,,,,1,CABANA HOME LLC,,,,,,,,0,,,,,0,,,1,,,,,,,X,,,
(310) 785-0270,1601 S ROBERTSON BLVD,LOS ANGELES,CA,90035,,1,masland,,,,,,1,P FOUR,,,,,,,,0,,,,,0,,,1,,,,,,,X,,,
(706) 863-5839,PO BOX 14519,AUGUSTA,GA,30919,,1,masland,,,,,,1,PS CLEVELAND INC,,,,,,,,0,,,,,0,,,1,,,,,,,X,,,
(901) 794-9266,3885 S PERKINS RD STE 11,MEMPHIS,TN,38118,,1,masland,,,,,,1,G E J E L MANAGEMENT INC,,,,,,,,0,,,,,0,,,1,,,,,,,X,,,
(303) 722-4935,640 WEST TENNESSEE AVENUE,DENVER,CO,80223,,1,masland,,,,,,1,SEQUOIA GOLF LLC,,,,,,,,0,,,,,0,,,1,,,,,,,X,,,
(256) 859-9830,2722 NORTH PARK DRIVE,HUNTSVILLE,AL,35811,,1,masland,,,,,,1,BLUESEEDS LLC,,,,,,,,0,,,,,0,,,1,,,,,,,X,,,
(610) 828-8519,30 E RIDGE PIKE,CONSHOHOCKEN,PA,19428,,1,masland,,,,,,1,TIGR HOLDINGS INC,,,,,,,,0,,,,,0,,,1,,,,,,,X,,,
(502) 772-3039,401 S 32ND STREET,LOUISVILLE,KY,40212,,1,masland,,,,,,1,PITKIN COMMERCIAL CARPET,,,,,,,,0,,,,,0,,,1,,,,,,,X,,,
(212) 643-3182,374 EAST GUNHILL ROAD,BRONX,NY,10467,,1,masland,,,,,,1,HAYDEN FLOORING LLC,,,,,,,,0,,,,,0,,,1,,,,,,,X,,,
(802) 453-7160,18 BURPEE ROAD,BRISTOL,VT,5443,,1,masland,,,,,,1,BILL BAILEY'S ENTERPRISE INC,,,,,,,,0,,,,,0,,,1,,,,,,,X,,,
(281) 292-8450,503 SPRING HILL DRIVE,SPRING,TX,77386,,1,masland,,,,,,1,CINIUM HOLDINGS LLC,,,,,,,,0,,,,,0,,,1,,,,,,,X,,,
(513) 771-1234,KW LEASING INC,CINCINNATI,OH,45215,,1,mohawk,,,,,,1,BIG BOB'S USED CARPET,,,,,,,,0,,,,,0,,,1,,,,,,,,X,,
(316) 395-5214,109 S WASHINGTON,CHILLICOTHE,MO,64601,,1,mohawk,,,,,,1,COUNTRY CARPET & MORE,,,,,,,,1,MIKE,S,,,0,,,1,,,,,,,,X,,
(716) 674-4067,CUSTOM CARPET CENTER,ORCHARD PARK,NY,14127,,1,mohawk,,,,,,1,MC DONNELL JOSEPH ENT,,,,,,,,1,MIKE,MARTIN,,,0,,,1,,,,,,,,X,,
(313) 581-1680,6520 GREENFIELD,DEARBORN,MI,48126,,1,mohawk,,,,,,1,BUDGET CARPET DESIGN L L C,,,,,,,,1,GEORGE,LAKKIS,,,0,,,1,,,,,,,,X,,
(414) 774-4934,CARPET MILL JUST RUGS,WEST ALLIS,WI,53214,,1,mohawk,,,,,,1,ASTORIA CARPET,,,,,,,,0,,,,,0,,,1,,,,,,,,X,,
(256) 859-9983,2722 N PARK DR NW,HUNTSVILLE,AL,35811,,1,mohawk,,,,,,1,JAMES CPTS OF HUNTSVILLE INC,,,,,,,,0,,,,,0,,,1,,,,,,,,X,,
(301) 924-4733,T/A CARPET & VACUUM EXPO,GAITHERSBURG,MD,20877,,1,mohawk,,,,,,1,ATLAS SERVICE CENTER,,,,,,,,1,STEVE,SHAFFER,,,0,,,1,,,,,,,,X,,
(719) 636-6320,DBA/AMERIFLOOR INC,AURORA,CO,80014,,1,mohawk,,,,,,1,EXTRA YARD INC THE,,,,,,,,1,BOB,BURNS,,,0,,,1,,,,,,,,X,,
(210) 349-9117,SAN ANTONIO CARPET WORLD,SAN ANTONIO,TX,78213,,1,mohawk,,,,,,1,CARPET TILE & FLRNG OF TX LP,,,,,,,,1,WILLIAM,BLACKMON,,,0,,,1,,,,,,,,X,,
(770) 592-2409,DBA ATLANTA FLOORING CENTER,WOODSTOCK,GA,30188,,1,mohawk,,,,,,1,ATLANTA PRESTIGE FLOORING INC,,,,,,,,1,CHRIS,WILSON,,,0,,,1,,,,,,,,X,,
(908) 788-8109,MILL DIRECT CARPET,FLEMINGTON,NJ,8822,,1,mohawk,,,,,,1,W A M B INC,,,,,,,,1,JOE,GHERARDI,,,0,,,1,,,,,,,,X,,
(270) 462-2401,500 W KENTUCKY DR,LA CENTER,KY,42056,,1,mohawk,,,,,,1,NEW WAYE HOMES & IMPROVEMENTS,,,,,,,,0,,,,,0,,,1,,,,,,,,X,,
(419) 991-1370,3700 S DIXIE HWY,LIMA,OH,45806,,1,mohawk,,,,,,1,LIMA BARGAIN CENTER INC,,,,,,,,1,HAROLD,WARONKER,,,0,,,1,,,,,,,,X,,
(904) 548-8990,AMERICAN FLOORING DIST,YULEE,FL,32097,,1,mohawk,,,,,,1,NASSAU DESIGN CENTER INC,,,,,,,,1,JEFF,JONES,,,0,,,1,,,,,,,,X,,
(609) 871-1668,CARPET DIMENSIONS & FLOORING,WILLINGBORO,NJ,8046,,1,mohawk,,,,,,1,LEONARD - TROTT INC.,,,,,,,,0,,,,,0,,,1,,,,,,,,X,,
(254) 772-2845,DBA DISCOUNT FLOORS SUPERSTORE,WACO,TX,76712,,1,mohawk,,,,,,1,VENTURI CAPITAL,,,,,,,,1,KEITH,RICHBOURG,,,0,,,1,,,,,,,,X,,
(812) 482-2569,CARPET WAREHOUSE,JASPER,IN,47546,,1,mohawk,,,,,,1,COOLEY ENTERPRISES INC,,,,,,,,0,,,,,0,,,1,,,,,,,,X,,
(410) 284-4111,WAREHOUSE TILE & CARPET,BALTIMORE,MD,21222,,1,mohawk,,,,,,1,JAYCHAR INC,,,,,,,,1,JOHN,SEARFOSS,,,0,,,1,,,,,,,,X,,
(715) 634-4220,D/B/A HAYWARD HOME CENTER,HAYWARD,WI,54843,,1,mohawk,,,,,,1,MARKS R B OF HAYWARD INC,,,,,,,,1,RICHARD,MARKS,,,0,,,1,,,,,,,,X,,
(575) 762-2740,PO BOX 5098,CLOVIS,NM,88102-5098,,1,mohawk,,,,,,1,CARPET SHOP THE,,,,,,,,1,DEAN,THATCHER,,,0,,,1,,,,,,,,X,,
(405) 681-1212,1833 SOUTH MAY,OKLAHOMA CITY,OK,73108,,1,mohawk,,,,,,1,CARPET STORE INC THE,,,,,,,,0,,,,,0,,,1,,,,,,,,X,,
(205) 375-5632,HWY 82 WEST,REFORM,AL,35481,,1,mohawk,,,,,,1,JA-SAN DISTRIBUTING CO,,,,,,,,0,,,,,0,,,1,,,,,,,,X,,
(214) 631-1757,1216 SECURITY DR,DALLAS,TX,75247,,1,mohawk,,,,,,1,PAD II INC,,,,,,,,1,MILTON,SYMANK,,,0,,,1,,,,,,,,X,,
(334) 285-5811,2201 COBBS FORD RD,PRATTVILLE,AL,36066,,1,mohawk,,,,,,1,PRATTVILLE CARPET INC,,,,,,,,0,,,,,0,,,1,,,,,,,,X,,
(330) 539-9601,TONDO FLOOR COV,GIRARD,OH,44420,,1,mohawk,,,,,,1,TONDO CARPETS INC,,,,,,,,0,,,,,0,,,1,,,,,,,,X,,
(732) 223-3039,38 TAYLOR AVE,MANASQUAN,NJ,8736,,1,mohawk,,,,,,1,C M C CARPET OUTLET INC,,,,,,,,0,,,,,0,,,1,,,,,,,,X,,
(580) 436-6108,HOLT TED,ADA,OK,74820,,1,mohawk,,,,,,1,HOLT TED CPT CO,,,,,,,,1,EVELYN,HOLT,,,0,,,1,,,,,,,,X,,
(252) 393-3316,DBA/AL BARNES CARPET,SWANSBORO,NC,28584,,1,mohawk,,,,,,1,JR & JR INC,,,,,,,,1,JAMIE,WALLACE,,,0,,,1,,,,,,,,X,,
(610) 284-4220,38-40 EAST BALTIMORE AVE.,CLIFTON HEIGHTS,PA,19018,,1,mohawk,,,,,,1,ROMAN FURNITURE & CARPET,,,,,,,,0,,,,,0,,,1,,,,,,,,X,,
(912) 383-3611,3491 HWY 441-S,DOUGLAS,GA,31535,,1,mohawk,,,,,,1,DOUGLAS CARPET CENTER,,,,,,,,1,ANTHONY,ELLIOT,,,0,,,1,,,,,,,,X,,
(803) 798-8699,NEVIN BROOME'S SUPER STORE,COLUMBIA,SC,29210,,1,mohawk,,,,,,2,DIXIE UPHOLESTRY, INC.-D/B/A-,,,,,,,0,,,,,0,,,1,,,,,,,,X,,
(801) 250-0079,7666 HIGHWAY 36,LAKE POINT,UT,84074,,1,floorscapes,,,,,,1,FACTORY FLOORING DIRECT,,,,,,,,0,,,,,0,,,1,,,,X,,,,,,
(985) 851-1160,6622 W PARK AVE,HOUMA,LA,70364,,1,mohawk,,,,,,1,WRIGHT FLOOR COVERING INC,,,,,,,,1,DOC,WRIGHT,,,0,,,1,,,,,,,,X,,
(586) 773-3111,22924 GREATER MACK,SAINT CLAIR SHORES,MI,48080,,1,mohawk,,,,,,1,EASTWOOD CARPET CO INC,,,,,,,,1,AL,TOZZI,,,0,,,1,,,,,,,,X,,
(909) 696-6588,25090 MADISON AVE,MURRIETA,CA,92562,,1,mohawk,,,,,,1,INLAND EMPIRE CARPET INC,,,,,,,,0,,,,,0,,,1,,,,,,,,X,,
(618) 632-2407,109 S. OAK ST.,O'FALLON,IL,62269,,1,mohawk,,,,,,1,FLOORING FASHIONS INC,,,,,,,,0,,,,,0,,,1,,,,,,,,X,,
(815) 455-5407,DBA MAYFAIR CARPETS,CRYSTAL LAKE,IL,60014-6251,,1,mohawk,,,,,,2,MURPHY, REDMOND PATRICK INC.,,,,,,,0,,,,,0,,,1,,,,,,,,X,,
(910) 521-1833,P O BOX 1497,PEMBROKE,NC,28372,,1,mohawk,,,,,,1,SOUTHERN INTERIORS & DESIGN,,,,,,,,0,,,,,0,,,1,,,,,,,,X,,
(951) 765-5278,WOMACK FRANK I,HEMET,CA,92543,,1,mohawk,,,,,,1,J & R CARPET & PAINT CENTER,,,,,,,,1,JERRY,WOMACK,,,0,,,1,,,,,,,,X,,
(618) 241-1947,2601 VETERANS MEMORIAL DR.,MOUNT VERNON,IL,62864,,1,mohawk,,,,,,1,ALLSTAR FLOORING,,,,,,,,0,,,,,0,,,1,,,,,,,,X,,
(608) 837-7646,BISBEE CARPET,SUN PRAIRIE,WI,53590,,1,mohawk,,,,,,1,SUN PRAIRIE BIZ INC,,,,,,,,1,SCOTT,OLSON,,,0,,,1,,,,,,,,X,,
(319) 334-4935,125 3RD AVE SE,INDEPENDENCE,IA,50644,,1,mohawk,,,,,,1,MCGRAWS CARPETS,,,,,,,,0,,,,,0,,,1,,,,,,,,X,,
(310) 787-7070,22133 S  VERMONT,TORRANCE,CA,90502,,1,mohawk,,,,,,1,WESTCHESTER CARPETS,,,,,,,,1,BILL,KATZ,,,0,,,1,,,,,,,,X,,
(217) 824-4255,DBA NEIKES FLOOR COVERING,TAYLORVILLE,IL,62568,,1,mohawk,,,,,,1,DISS INC II,,,,,,,,1,JAMES,E.,,,0,,,1,,,,,,,,X,,
(575) 434-4133,MILLS JOEL R,ALAMOGORDO,NM,88310,,1,mohawk,,,,,,1,SHOWCASE CARPETS,,,,,,,,0,,,,,0,,,1,,,,,,,,X,,
(989) 773-3704,PERCHA BUD PAINTING INC,MOUNT PLEASANT,MI,48858,,1,mohawk,,,,,,1,PERCHA PAINT & WALLPAPER,,,,,,,,1,BUD,PERCHA,,,0,,,1,,,,,,,,X,,
(417) 235-5001,J & J FLOORCOVERING,MONETT,MO,65708-0037,,1,mohawk,,,,,,1,J & J ENTERPRISES,,,,,,,,0,,,,,0,,,1,,,,,,,,X,,
(248) 888-8120,23311 ORCHARD LAKE RD,FARMINGTON,MI,48336,,1,mohawk,,,,,,1,J & R INDUSTRIES INC,,,,,,,,1,JERRY,DILLARD,,,0,,,1,,,,,,,,X,,
(607) 324-4600,37 SENECA ST,HORNELL,NY,14843,,1,mohawk,,,,,,1,DECORATORS CHOICE,,,,,,,,0,,,,,0,,,1,,,,,,,,X,,
(402) 773-3421,DBA THE PAINT & PAPER PALACE,SUTTON,NE,68979,,1,mohawk,,,,,,1,PRANCING PONY INC,,,,,,,,1,JOHN,CAMPBELL,,,0,,,1,,,,,,,,X,,
(847) 358-8383,1288 E DUNDEE RD,PALATINE,IL,60074,,1,mohawk,,,,,,1,CARPET OUTLET INC,,,,,,,,0,,,,,0,,,1,,,,,,,,X,,
(815) 942-2560,CARPETILE,MORRIS,IL,60450,,1,mohawk,,,,,,1,CARPETILE MORRIS INC,,,,,,,,0,,,,,0,,,1,,,,,,,,X,,
(870) 793-3657,PO BOX 4158,BATESVILLE,AR,72503,,1,mohawk,,,,,,1,KARPET KORNER PNT& SUP,,,,,,,,0,,,,,0,,,1,,,,,,,,X,,
(716) 484-4768,MOLE PAUL,JAMESTOWN,NY,14701,,1,mohawk,,,,,,1,HENRY JAMES CARPETING,,,,,,,,0,,,,,0,,,1,,,,,,,,X,,
(608) 221-1784,WALGENMEYERS,MADISON,WI,53716,,1,mohawk,,,,,,1,WESTSIDE ROLLING CARPETS,,,,,,,,1,ROBERT,WALGENBACH,,,0,,,1,,,,,,,,X,,
(304) 485-5784,PARRISH WILLIAM & KATHYRN,PARKERSBURG,WV,26101,,1,mohawk,,,,,,1,3-B CARPET & FLOOR COVERING,,,,,,,,1,WILLIAM,PARRISH,,,0,,,1,,,,,,,,X,,
(219) 326-6701,401 BOYD BLVD,LA PORTE,IN,46350,,1,mohawk,,,,,,1,FLOOR STORES OF AMERICA INC,,,,,,,,1,JAMES,ROY,,,0,,,1,,,,,,,,X,,
(734) 981-1300,FIRST CHOICE,CANTON,MI,48187,,1,mohawk,,,,,,1,FIRST CHOICE FLOORCOVERING,,,,,,,,1,CARL,SCHMIDT,,,0,,,1,,,,,,,,X,,
(703) 352-2004,DBA LUX FLOORING SPECIALISTS,OAKTON,VA,22124,,1,mohawk,,,,,,1,CARPET WAREHOUSE SAVER INC,,,,,,,,1,ARMANI,MAHOOZI,,,0,,,1,,,,,,,,X,,
(805) 922-2573,G & S CPT CO,SANTA MARIA,CA,93454-2240,,1,mohawk,,,,,,1,US SEWING CENTER,,,,,,,,1,MORRIS,SHULMAN,,,0,,,1,,,,,,,,X,,
(574) 534-4117,1505 ELKHART RD,GOSHEN,IN,46526,,1,mohawk,,,,,,1,CARPET GALLERY INC THE,,,,,,,,0,,,,,0,,,1,,,,,,,,X,,
(575) 546-6264,1220 COLUMBUS RD,DEMING,NM,88030,,1,mohawk,,,,,,1,ARMSTRONG FLOOR & WALL,,,,,,,,0,,,,,0,,,1,,,,,,,,X,,
(903) 832-2355,PO BOX 867,NASH,TX,75569,,1,mohawk,,,,,,1,SOUTHERN CPTS OF TEXAS,,,,,,,,0,,,,,0,,,1,,,,,,,,X,,
(765) 447-7552,NEW CARPET WAREHOUSE,LAFAYETTE,IN,47905,,1,mohawk,,,,,,1,FRANKLIN RICH ENT INC,,,,,,,,1,RICHARD,FRANKLIN,,,0,,,1,,,,,,,,X,,
(970) 731-1410,301 N PAGOSA BLVD BLDG A,PAGOSA SPRINGS,CO,81147,,1,mohawk,,,,,,1,INTERIOR DREAMS,,,,,,,,1,LEON,CUNNINGHAM,,,0,,,1,,,,,,,,X,,
(423) 843-3332,MYRICK BILL,HIXSON,TN,37343,,1,mohawk,,,,,,1,HIXSON CARPET & TILE,,,,,,,,1,BILL,MYRICK,,,0,,,1,,,,,,,,X,,
(610) 831-1594,T/A A&E FLOORING INC,COLLEGEVILLE,PA,19426,,1,mohawk,,,,,,1,ADAM J FLOORING CO INC,,,,,,,,1,ADAM,KASOPSKY,,,0,,,1,,,,,,,,X,,
(501) 679-9064,694 HIGHWAY 65 N,GREENBRIER,AR,72058,,1,mohawk,,,,,,1,ADVANCED CARPET & FLOORING,,,,,,,,1,STEVE,JONES,,,0,,,1,,,,,,,,X,,
(317) 894-4000,11209 E WASHINGTON ST,CUMBERLAND,IN,46229,,1,mohawk,,,,,,1,CARPET MAN INC THE,,,,,,,,0,,,,,0,,,1,,,,,,,,X,,
(772) 781-1622,2525 SE FEDERAL HWY STE 2,STUART,FL,34994,,1,mohawk,,,,,,1,CF CENTER LLC,,,,,,,,1,NICHOLAS,ELLIOTT,,,0,,,1,,,,,,,,X,,
(863) 385-5665,1313 US HIGHWAY 27 N,SEBRING,FL,33870,,1,mohawk,,,,,,1,ELDRIDGE POLLARD SALES,,,,,,,,1,ELDRIDGE,POLLARD,,,0,,,1,,,,,,,,X,,
(304) 327-7802,MAMONE FRANK,BLUEFIELD,WV,24701,,1,mohawk,,,,,,1,CARPET WHOLESALE OUTLET,,,,,,,,1,FRANK,MAMONE,,,0,,,1,,,,,,,,X,,
(760) 228-8184,56546 29 PALMS HWY,YUCCA VALLEY,CA,92284,,1,mohawk,,,,,,1,CARPET-N-THINGS OF YUCCA VLY,,,,,,,,0,,,,,0,,,1,,,,,,,,X,,
(954) 437-7411,9576 GRIFFIN RD,COOPER CITY,FL,33328,,1,mohawk,,,,,,1,FLOORING EXPRESS INC,,,,,,,,0,,,,,0,,,1,,,,,,,,X,,
(719) 487-7776,COVERINGS,MONUMENT,CO,80132,,1,mohawk,,,,,,1,NATIONWIDE FLOOR & WINDOW,,,,,,,,1,RICHARD,CARSON,,,0,,,1,,,,,,,,X,,
(502) 955-5165,CARPET VALUES,MOUNT WASHINGTON,KY,40047,,1,mohawk,,,,,,1,KEY TRUCK LEASING INC,,,,,,,,1,RON,BARNETT,,,0,,,1,,,,,,,,X,,
(815) 432-2544,234 N JEFFERSON ST,WATSEKA,IL,60970,,1,mohawk,,,,,,1,KINGDON'S TV & HOME CTR*MLD/MB,,,,,,,,1,KEN,KINGDOM,,,0,,,1,,,,,,,,X,,
(501) 833-3951,DBA SOUTHERN FLOORS & BLINDS,SHERWOOD,AR,72120,,1,mohawk,,,,,,1,HAGEWOOD ENTERPRISES INC,,,,,,,,1,BRIAN,HAGEWOOD,,,0,,,1,,,,,,,,X,,
(201) 941-1950,CLIFFSIDE FLOORING,CLIFFSIDE PARK,NJ,7010,,1,mohawk,,,,,,1,IRAUST CORPORATION,,,,,,,,1,LYNNE,NESBIHRL,,,0,,,1,,,,,,,,X,,
(218) 681-1301,324 HORACE AVE N,THIEF RIVER FALLS,MN,56701,,1,mohawk,,,,,,1,PAINT & GLASS INTERIORS,,,,,,,,1,DALE,DILLON,,,0,,,1,,,,,,,,X,,
(606) 324-4026,CARPET MILL OUTLET,ASHLAND,KY,41101,,1,mohawk,,,,,,1,CAVIN ENTERPRISES INC,,,,,,,,0,,,,,0,,,1,,,,,,,,X,,
(207) 784-4151,PINELAND CARPETS,AUBURN,ME,04210-3612,,1,mohawk,,,,,,1,AKERS DISTRIBUTORS INC.,,,,,,,,1,CLIFFORD,M.,,,0,,,1,,,,,,,,X,,
(309) 923-3735,HARTTER BOB,ROANOKE,IL,61561,,1,mohawk,,,,,,1,HARTTER INTERIORS,,,,,,,,0,,,,,0,,,1,,,,,,,,X,,
(703) 368-8553,8391 CENTREVILLE RD,MANASSAS,VA,20111,,1,mohawk,,,,,,1,M & M CARPET ENTERPRISE INC,,,,,,,,0,,,,,0,,,1,,,,,,,,X,,
(707) 442-2298,DBA NELSON FLOOR COVERING,EUREKA,CA,95503,,1,mohawk,,,,,,2,L.J.M. INVESTMENTS, INC.,,,,,,,0,,,,,0,,,1,,,,,,,,X,,
(715) 453-3424,ZIETLOW BOB,TOMAHAWK,WI,54487,,1,mohawk,,,,,,1,WHOLESALE CARPET,,,,,,,,1,ARTHUR,ZIETLOW,,,0,,,1,,,,,,,,X,,
(570) 742-2373,JJ CARPETMAN OF MILTON INC,MILTON,PA,17847,,1,mohawk,,,,,,1,CARPETMAN,,,,,,,,1,JON,CAMPTON,,,0,,,1,,,,,,,,X,,
(601) 428-8419,PO BOX 6524,LAUREL,MS,39441-6524,,1,mohawk,,,,,,1,CITY SALVAGE INC,,,,,,,,1,LARRY,LOFTIN,,,0,,,1,,,,,,,,X,,
(605) 892-2290,1418 ZIEBACH ST,BELLE FOURCHE,SD,57717,,1,mohawk,,,,,,1,HILLS INTERIORS INC,,,,,,,,0,,,,,0,,,1,,,,,,,,X,,
(573) 785-5111,2330 KANELL BLVD,POPLAR BLUFF,MO,63901,,1,mohawk,,,,,,1,OZARK FLOORING,,,,,,,,1,LEE,COTRELL,,,0,,,1,,,,,,,,X,,
(870) 741-1214,115 W CENTRAL,HARRISON,AR,72601,,1,mohawk,,,,,,1,WATTS & WEBB FLR COV INC,,,,,,,,0,,,,,0,,,1,,,,,,,,X,,
(509) 662-2342,201 S MISSION - STE #1,WENATCHEE,WA,98801,,1,mohawk,,,,,,1,KARPET KORNER INC,,,,,,,,0,,,,,0,,,1,,,,,,,,X,,
(815) 457-7261,112 S 2ND STREET,CISSNA PARK,IL,60924,,1,mohawk,,,,,,1,STEINER FURNITURE CO,,,,,,,,1,EDWARD,STEINER,,,0,,,1,,,,,,,,X,,
(815) 535-5922,1111 1ST AVE,ROCK FALLS,IL,61071,,1,mohawk,,,,,,1,BROTHERS FLOORING,,,,,,,,1,KEITH,GRELL,,,0,,,1,,,,,,,,X,,
(575) 885-5180,DBA BROOKS FLOORING &INTERIORS,CARLSBAD,NM,88220,,1,mohawk,,,,,,1,LEHMAN DECORATING CENTER,,,,,,,,0,,,,,0,,,1,,,,,,,,X,,
(231) 487-7009,HOWELL DON,PETOSKEY,MI,49770,,1,mohawk,,,,,,1,DISCOUNT FLOORING,,,,,,,,1,DON,HOWELL,,,0,,,1,,,,,,,,X,,
(936) 699-9453,207 NORTH JOHN REDDITT DR,LUFKIN,TX,75904,,1,mohawk,,,,,,1,FLOORS N MORE,,,,,,,,1,ROBERT,POWERS,,,0,,,1,,,,,,,,X,,
(618) 654-4430,#4 ULTRA WAY DRIVE,HIGHLAND,IL,62249,,1,mohawk,,,,,,1,TORBIT DECORATING SHOPPE,,,,,,,,1,CHARLES,TORBIT,,,0,,,1,,,,,,,,X,,
(607) 433-3222,ONEONTA PLAZA,ONEONTA,NY,13820,,1,mohawk,,,,,,1,TOWNE CARPET & FLOORING INC,,,,,,,,0,,,,,0,,,1,,,,,,,,X,,
(912) 764-4503,22831-B  HIGHWAY 80 E,STATESBORO,GA,30461-6814,,1,mohawk,,,,,,1,BAXLEY CARPET CO.,,,,,,,,0,,,,,0,,,1,,,,,,,,X,,
(308) 537-7282,111 E 5TH ST,LEXINGTON,NE,68850,,1,mohawk,,,,,,1,MIKE'S FIVE STAR FLOORING INC,,,,,,,,0,,,,,0,,,1,,,,,,,,X,,
(812) 254-4663,JOHNSON DON,WASHINGTON,IN,47501,,1,mohawk,,,,,,1,DONS CARPET CENTER,,,,,,,,0,,,,,0,,,1,,,,,,,,X,,
(479) 968-8798,1201 S KNOXVILLE AVE,RUSSELLVILLE,AR,72802,,1,mohawk,,,,,,1,COUNTRY CARPETS,,,,,,,,1,JERRY,TAYLOR,,,0,,,1,,,,,,,,X,,
(203) 932-2232,73 MIX AVE,WEST HAVEN,CT,6516,,1,mohawk,,,,,,1,AMERICAN FLOOR CONTRACTORS LLC,,,,,,,,0,,,,,0,,,1,,,,,,,,X,,
(812) 847-7182,RR 3 BOX 390,LINTON,IN,47441,,1,mohawk,,,,,,1,ROSS FLOOR STORE,,,,,,,,1,JESSICA,ROSS,,,0,,,1,,,,,,,,X,,
(936) 564-4674,1115 N UNIVERSITY DR,NACOGDOCHES,TX,75961,,1,mohawk,,,,,,1,EAST TEXAS CARPETS INC,,,,,,,,0,,,,,0,,,1,,,,,,,,X,,
(240) 405-5136,FLOOR COVERING CENTER,FREDERICK,MD,21704,,1,mohawk,,,,,,1,ROUHANIAN INC,,,,,,,,1,MANSOUR,ROUHANIAN,,,0,,,1,,,,,,,,X,,
(805) 520-0203,CARPET GALLERIA,SIMI VALLEY,CA,93065,,1,mohawk,,,,,,1,THE CARPET GALLERIA/SAMPLES,,,,,,,,0,,,,,0,,,1,,,,,,,,X,,
(309) 762-2940,D/B/A FLICK SUPPLY CO,MOLINE,IL,61265,,1,mohawk,,,,,,1,FSC ACQUISITION,,,,,,,,0,,,,,0,,,1,,,,,,,,X,,
(410) 677-7347,201 BELT ST,SNOW HILL,MD,21863,,1,mohawk,,,,,,1,ROYAL PLUS INC,,,,,,,,1,MATT,ODACHOWSKI,,,0,,,1,,,,,,,,X,,
(972) 276-6034,TRUE DISCOUNT CARPET,GARLAND,TX,75042,,1,mohawk,,,,,,1,SPRINGVILLE CORP.,,,,,,,,1,HENRY,TA,,,0,,,1,,,,,,,,X,,
(956) 350-0677,INTERNATIONAL CARPET,BROWNSVILLE,TX,78520,,1,mohawk,,,,,,1,YESHUA INC.,,,,,,,,1,FRANCISCO,GALVAN,,,0,,,1,,,,,,,,X,,
(505) 898-8573,9311 4TH ST NW,ALBUQUERQUE,NM,87114,,1,mohawk,,,,,,1,C&C CARPETS INC,,,,,,,,1,AMADOR,CRESPIN,,,0,,,1,,,,,,,,X,,
(903) 454-4287,2515 STANFORD ST,GREENVILLE,TX,75401,,1,mohawk,,,,,,1,FLOORS BY REEVES BROTHERS,,,,,,,,1,EDDIE,REEVES,,,0,,,1,,,,,,,,X,,
(865) 481-1254,100C N LINCOLN CIR,OAK RIDGE,TN,37830,,1,mohawk,,,,,,1,CREATIVE CARPET & TILE,,,,,,,,1,DAVID,MCNEELEY,,,0,,,1,,,,,,,,X,,
(701) 662-2497,DBA/LAMOTTES PAINT & GLASS,DEVILS LAKE,ND,58301,,1,mohawk,,,,,,1,PAINT & GLASS SUPPLY CO INC,,,,,,,,0,,,,,0,,,1,,,,,,,,X,,
(304) 636-6987,RR 4 BOX 262,ELKINS,WV,26241,,1,mohawk,,,,,,1,CLASSIC FLOOR COVERING INC,,,,,,,,1,PAUL,MACE,,,0,,,1,,,,,,,,X,,
(480) 984-4214,AUROGNC LLC,APACHE JUNCTION,AZ,85120-4209,,1,mohawk,,,,,,1,CARPET & TILE JUNCTION,,,,,,,,0,,,,,0,,,1,,,,,,,,X,,
(218) 945-5692,117 SUMMIT AVE SW,FERTILE,MN,56540,,1,mohawk,,,,,,1,VERN'S CARPET,,,,,,,,1,VERN,ANDERSON,,,0,,,1,,,,,,,,X,,
(419) 884-4231,WASHINGTON TOM E,MANSFIELD,OH,44907,,1,mohawk,,,,,,1,FLOORCRAFT,,,,,,,,1,TOM,WASHINGTON,,,0,,,1,,,,,,,,X,,
(716) 672-2446,156 NEWTON ST,FREDONIA,NY,14063-1304,,1,mohawk,,,,,,1,DIETZENS CARPET & FLOORING INC,,,,,,,,1,TERRY,DIETZEN,,,0,,,1,,,,,,,,X,,
(740) 635-5244,MILBERT RAYMOND,BRIDGEPORT,OH,43912,,1,mohawk,,,,,,1,RITE CARPET & DECORATI,,,,,,,,1,RAYMOND,MILBERT,,,0,,,1,,,,,,,,X,,
(239) 643-3610,2905 DAVIS BLVD,NAPLES,FL,34104,,1,mohawk,,,,,,1,SUNSET CARPET & DRAPERIES,,,,,,,,0,,,,,0,,,1,,,,,,,,X,,
(662) 252-2509,6229 UNIT E HWY 305,OLIVE BRANCH,MS,38654,,1,mohawk,,,,,,1,QUALITY CO INC,,,,,,,,0,,,,,0,,,1,,,,,,,,X,,
(502) 231-1110,6201 BARDSTOWN RD,LOUISVILLE,KY,40291,,1,mohawk,,,,,,1,JERIDON FLOOR COVERINGS INC,,,,,,,,1,JERRY,VIRES,,,0,,,1,,,,,,,,X,,
(740) 446-6013,VANCO CHARLES,GALLIPOLIS,OH,45631,,1,mohawk,,,,,,1,VANCO FLOORING,,,,,,,,0,,,,,0,,,1,,,,,,,,X,,
(650) 941-1153,2486 W EL CAMINO REAL,MOUNTAIN VIEW,CA,94040,,1,mohawk,,,,,,1,CARPET MART,,,,,,,,0,,,,,0,,,1,,,,,,,,X,,
(641) 623-3522,301 E MAIN ST,MONTEZUMA,IA,50171,,1,mohawk,,,,,,1,ELLIS HOME INTERIORS,,,,,,,,1,RONALD,ELLIS,,,0,,,1,,,,,,,,X,,
(717) 589-9766,857 PFOUTZ VALLEY RD,MILLERSTOWN,PA,17062,,1,mohawk,,,,,,1,LOSCH FLOOR COVERING INC,,,,,,,,0,,,,,0,,,1,,,,,,,,X,,
(713) 626-6910,4305 RICHMOND AVE STE A,HOUSTON,TX,77027,,1,mohawk,,,,,,1,DIMARIA CUSTOM CPTS &FINE FLRS,,,,,,,,1,FRANK,DIMARIA,,,0,,,1,,,,,,,,X,,
(812) 735-5302,MILLER TONYA PIEPER,BICKNELL,IN,47512,,1,mohawk,,,,,,1,PIEPER'S,,,,,,,,1,LEROY,PIEPER,,,0,,,1,,,,,,,,X,,
(218) 751-1744,152 ANNE ST NW,BEMIDJI,MN,56601,,1,mohawk,,,,,,1,LARRY'S CARPET & CERAMIC TILE,,,,,,,,1,LARRY,FULLMER,,,0,,,1,,,,,,,,X,,
(352) 624-4219,14 ALMOND DRIVE RUN,OCALA,FL,34472,,1,mohawk,,,,,,1,GRIFFIS TILE CO INC,,,,,,,,0,,,,,0,,,1,,,,,,,,X,,
(440) 734-4706,WAXMAN CARPET WAREHOUSE,NORTH OLMSTED,OH,44070,,1,mohawk,,,,,,1,CARPET WAREHOUSE WEST INC,,,,,,,,0,,,,,0,,,1,,,,,,,,X,,
(301) 577-7509,AMERICAS FLOORING CENTER,LANHAM,MD,20706,,1,mohawk,,,,,,1,AMERICAN CARPET SYSTEM INC,,,,,,,,0,,,,,0,,,1,,,,,,,,X,,
(319) 366-6473,FACTORY CARPET OUTLET,CEDAR RAPIDS,IA,52404,,1,mohawk,,,,,,1,CARPET & FURNITURE GALLERY,,,,,,,,1,OMAR,IGRAM,,,0,,,1,,,,,,,,X,,
(502) 491-1460,1827 PLANTSIDE DR,LOUISVILLE,KY,40299,,1,mohawk,,,,,,1,BLUEGRASS FLOORCOVERING INC,,,,,,,,1,WAYNE,ALLISON,,,0,,,1,,,,,,,,X,,
(740) 288-8157,14441 STATE ROUTE 93,JACKSON,OH,45640-9798,,1,mohawk,,,,,,1,FLOOR STORE THE,,,,,,,,1,EDWARD,MARTIN,,,0,,,1,,,,,,,,X,,
(229) 482-2255,71 VALDOSTA RD,LAKELAND,GA,31635,,1,mohawk,,,,,,1,LAKELAND FLOOR COVERING CENTER,,,,,,,,0,,,,,0,,,1,,,,,,,,X,,
(334) 864-4780,15191 US HIGHWAY 431,LAFAYETTE,AL,36862,,1,mohawk,,,,,,1,HARRIS CARPETS,,,,,,,,1,ALVIN,HARRIS,,,0,,,1,,,,,,,,X,,
(269) 679-9590,12374 N US 131,SCHOOLCRAFT,MI,49087-0626,,1,mohawk,,,,,,1,NASSAU CARPET SALES & SERV INC,,,,,,,,1,LARRY,HARRIS,,,0,,,1,,,,,,,,X,,
(318) 221-1266,815 TALLY ALY,SHREVEPORT,LA,71101,,1,mohawk,,,,,,1,TALLY ALLEY CARPET WAREHOUSE I,,,,,,,,0,,,,,0,,,1,,,,,,,,X,,
(570) 287-7435,431 MARKET ST,KINGSTON,PA,18704,,1,mohawk,,,,,,1,FASHION FLOOR CPT GALLERIES IN,,,,,,,,0,,,,,0,,,1,,,,,,,,X,,
(301) 449-9767,6304 ALLENTOWN RD,CAMP SPRINGS,MD,20748,,1,mohawk,,,,,,1,PERGE CARPET,,,,,,,,0,,,,,0,,,1,,,,,,,,X,,
(260) 768-8774,9551 W 750 N,SHIPSHEWANA,IN,46565,,1,mohawk,,,,,,1,R & S SALES,,,,,,,,0,,,,,0,,,1,,,,,,,,X,,
(717) 243-3283,1735 W. TRINDLE RD,CARLISLE,PA,17015,,1,mohawk,,,,,,1,BEAMS CPT HOUSE INC,,,,,,,,0,,,,,0,,,1,,,,,,,,X,,
(641) 236-6610,922 MAIN ST,GRINNELL,IA,50112-2048,,1,mohawk,,,,,,1,LUTHER FLOORCOVERING,,,,,,,,1,TODD,LUTHER,,,0,,,1,,,,,,,,X,,
(812) 724-4350,PO BOX 99,OWENSVILLE,IN,47665-9400,,1,mohawk,,,,,,1,HOLDER'S,,,,,,,,1,JEFF,LUTZ,,,0,,,1,,,,,,,,X,,
(760) 256-6354,876 E WILLIAMS ST,BARSTOW,CA,92311,,1,mohawk,,,,,,1,YAHWEH FLOORS,,,,,,,,1,RON,BEARDSHEAR,,,0,,,1,,,,,,,,X,,
(785) 877-7300,P O BOX 299,NORTON,KS,67654-0299,,1,mohawk,,,,,,1,DON'S FLOOR COVERING,,,,,,,,1,DON,KAUS,,,0,,,1,,,,,,,,X,,
(419) 668-8079,STEFFANNI KATHY,NORWALK,OH,44857,,1,mohawk,,,,,,1,STEFFANNI CARPET LTD,,,,,,,,1,KATHY,STEFFANNI,,,0,,,1,,,,,,,,X,,
(662) 289-9326,PO BOX 10,KOSCIUSKO,MS,39090,,1,mohawk,,,,,,1,FIRST HARDWARE GROUP INC,,,,,,,,0,,,,,0,,,1,,,,,,,,X,,
(620) 227-7775,1609 W WYATT EARP BLVD,DODGE CITY,KS,67801,,1,mohawk,,,,,,1,GUTHRIE FLOOR COV,,,,,,,,1,CINDY,GUTHRIE,,,0,,,1,,,,,,,,X,,
(256) 739-9509,1538 3RD ST SE,CULLMAN,AL,35055,,1,mohawk,,,,,,1,TIDWELL CARPET,,,,,,,,0,,,,,0,,,1,,,,,,,,X,,
(724) 550-0407,NICKMAN'S HOME CENTER,LEMONT FURNACE,PA,15456,,1,mohawk,,,,,,1,NICKMAN DISTRIBUTING CO,,,,,,,,1,ELIAS,NICKMAN,,,0,,,1,,,,,,,,X,,
(410) 326-6486,44 CRESTON LN,SOLOMONS,MD,20688,,1,mohawk,,,,,,1,SOLOMONS COLOR CENTER FLOORING,,,,,,,,1,DON,ROSE,,,0,,,1,,,,,,,,X,,
(320) 864-4666,2108 10TH STREET,GLENCOE,MN,55336,,1,mohawk,,,,,,1,FASHION INTERIORS-GLENCOE,,,,,,,,0,,,,,0,,,1,,,,,,,,X,,
(763) 295-5220,9234 STATE HWY 25 NE,MONTICELLO,MN,55362,,1,mohawk,,,,,,1,A E MICHAELS DECORATING CTR,,,,,,,,0,,,,,0,,,1,,,,,,,,X,,
(515) 964-4407,102 SE 3RD STREET,ANKENY,IA,50021,,1,mohawk,,,,,,2,LUKE BROS. CARPET & LINO, INC.,,,,,,,0,,,,,0,,,1,,,,,,,,X,,
(251) 970-0524,DBA W&W FLOORING DESIGNS,FOLEY,AL,36535,,1,mohawk,,,,,,1,FLOOR COVERING BY WELCH,,,,,,,,1,JACOB,WELCH,,,0,,,1,,,,,,,,X,,
(913) 268-8685,MYERS BRENDA,SHAWNEE,KS,66203,,1,mohawk,,,,,,1,SPECTRUM CARPETS,,,,,,,,0,,,,,0,,,1,,,,,,,,X,,
(618) 847-7280,1007 W MAIN ST,FAIRFIELD,IL,62837,,1,mohawk,,,,,,1,HASE INTERIORS,,,,,,,,1,RICHARD,HASE,,,0,,,1,,,,,,,,X,,
(616) 456-6981,2340 28TH ST SE,GRAND RAPIDS,MI,49508,,1,mohawk,,,,,,1,ISRAELS DISTRIBUTORS LLC,,,,,,,,1,JASON,ISRAEL,,,0,,,1,,,,,,,,X,,
(803) 366-6615,3505 MOUNT HOLLY RD,EDGEMOOR,SC,29712,,1,mohawk,,,,,,1,MODERN CARPET & FLR COV INC,,,,,,,,0,,,,,0,,,1,,,,,,,,X,,
(724) 627-7462,400 E OAKVIEW DR,WAYNESBURG,PA,15370,,1,mohawk,,,,,,1,SLUGGERS CARPET&UPHL CLEANING,,,,,,,,1,FRED,HUMBLE,,,0,,,1,,,,,,,,X,,
(229) 377-7293,110 N BROAD ST,CAIRO,GA,39828,,1,mohawk,,,,,,1,J & J CARPETS,,,,,,,,1,JARRELL,MCCLENNY,,,0,,,1,,,,,,,,X,,
(801) 969-9622,PO BOX 95630,SOUTH JORDAN,UT,84095,,1,mohawk,,,,,,1,SHAG-RUG-LA INC,,,,,,,,0,,,,,0,,,1,,,,,,,,X,,
(610) 863-3574,509 WILLIAM ST,PEN ARGYL,PA,18072,,1,mohawk,,,,,,1,SLATE BELT FLOOR & WALL CV INC,,,,,,,,0,,,,,0,,,1,,,,,,,,X,,
(304) 263-3695,WORLD OF MARTINSBURG WV,MARTINSBURG,WV,25405,,1,mohawk,,,,,,1,BSSF ENTERPRISES DBA CARPET,,,,,,,,1,BRET,SMITH,,,0,,,1,,,,,,,,X,,
(203) 933-3752,1165 BOSTON POST RD,WEST HAVEN,CT,6516,,1,mohawk,,,,,,1,AMORE CPT & FLOOR COVERING INC,,,,,,,,0,,,,,0,,,1,,,,,,,,X,,
(978) 658-8969,DBA/ALL FLOORZ,WINDHAM,NH,3087,,1,mohawk,,,,,,1,BEN TAYLOR ENTERPRISES,,,,,,,,1,KATHLEEN,PROULX,,,0,,,1,,,,,,,,X,,
(609) 266-6544,3005 BRIGANTINE BLVD,BRIGANTINE,NJ,8203,,1,mohawk,,,,,,1,B & B FLOOR COVERING,,,,,,,,0,,,,,0,,,1,,,,,,,,X,,
(909) 337-7830,26557 STATE HIGHWAY 18,RIMFOREST,CA,92378,,1,mohawk,,,,,,1,MOUNTAIN HOME CARPET CTR INC,,,,,,,,1,RICHARD,PHILLIPS,,,0,,,1,,,,,,,,X,,
(704) 829-9625,DBA WHOLESALE FLOORCOVERING,BELMONT,NC,28012,,1,mohawk,,,,,,1,MARC WHITE,,,,,,,,0,,,,,0,,,1,,,,,,,,X,,
(732) 363-3052,KITCHENS BATHS & MORE BY KRFC,LAKEWOOD,NJ,8701,,1,mohawk,,,,,,1,KRFC CUSTOM WOODWORKING INC,,,,,,,,1,CHRISTOPHER,COOPER,,,0,,,1,,,,,,,,X,,
(217) 847-7399,350 LAUREL,HAMILTON,IL,62341,,1,mohawk,,,,,,1,HEARTLAND CARPETS,,,,,,,,0,,,,,0,,,1,,,,,,,,X,,
(740) 363-3493,204 E.CENTRAL AVE.,DELAWARE,OH,43015,,1,mohawk,,,,,,1,DELAWARE FLOOR COMPANY INC,,,,,,,,0,,,,,0,,,1,,,,,,,,X,,
(606) 564-4795,1516 FOREST AVE,MAYSVILLE,KY,41056,,1,mohawk,,,,,,1,QUALITY CARPET OUTLET,,,,,,,,1,STEVE,MCROBERTS,,,0,,,1,,,,,,,,X,,
(715) 623-3416,& CABINETRY,ANTIGO,WI,54409,,1,mohawk,,,,,,1,NORTH WOODS FLOORING,,,,,,,,1,JAMES,OLESEN,,,0,,,1,,,,,,,,X,,
(740) 992-2702,175 N 2ND AVE,MIDDLEPORT,OH,45760,,1,mohawk,,,,,,1,INGELS CARPET STORE,,,,,,,,1,YORK,INGELS,,,0,,,1,,,,,,,,X,,
(360) 683-3293,542 N OAKRIDGE DR,PORT ANGELES,WA,98362,,1,mohawk,,,,,,1,AMERICA'S FINEST INC,,,,,,,,1,ROBERT,BOURNS,,,0,,,1,,,,,,,,X,,
(254) 547-7314,DBA/YOUR FLOORS,COPPERAS COVE,TX,76522,,1,mohawk,,,,,,1,APD ENTERPRISES INC,,,,,,,,1,ANTHONY,DIAZ,,,0,,,1,,,,,,,,X,,
(419) 782-2533,GOEBEL JOHN,DEFIANCE,OH,43512,,1,mohawk,,,,,,1,CARPET UNLIMITED,,,,,,,,0,,,,,0,,,1,,,,,,,,X,,
(870) 236-6400,DBA AJAX FLOOR CENTER,PARAGOULD,AR,72450,,1,mohawk,,,,,,1,AJAX ENTERPRISES INC,,,,,,,,1,ALAN,JACKSON,,,0,,,1,,,,,,,,X,,
(757) 723-3719,CARPET MILL OUTLET,HAMPTON,VA,23669,,1,mohawk,,,,,,1,AAA MILL DIRECT INC,,,,,,,,1,SUE,PHILLIPS,,,0,,,1,,,,,,,,X,,
(843) 235-5021,8745 OCEAN HWY,PAWLEYS ISLAND,SC,29585,,1,mohawk,,,,,,1,WILLIAMS CARPET & MORE,,,,,,,,1,TREVIS,WILLIAMS,,,0,,,1,,,,,,,,X,,
(903) 939-9170,13124 STATE HIGHWAY 110 S,TYLER,TX,75707,,1,mohawk,,,,,,1,CARPET TODAY,,,,,,,,1,DON,CHANDLER,,,0,,,1,,,,,,,,X,,
(260) 665-5979,SANBORN APPLIANCE,ANGOLA,IN,46703,,1,mohawk,,,,,,1,SOFA PLUS FURNITURE CO INC,,,,,,,,0,,,,,0,,,1,,,,,,,,X,,
(503) 842-2862,2111 3RD ST,TILLAMOOK,OR,97141,,1,mohawk,,,,,,1,KEPHART JIM FLOOR COVERING INC,,,,,,,,1,BONNIE,KEPHART,,,0,,,1,,,,,,,,X,,
(304) 472-2388,MARSH WESLEY ALLEN,BUCKHANNON,WV,26201,,1,mohawk,,,,,,1,DREAMLAND CARPETS,,,,,,,,1,WESLEY,MARSH,,,0,,,1,,,,,,,,X,,
(618) 438-8200,620 E MAIN ST,BENTON,IL,62812,,1,mohawk,,,,,,1,BENTON FLOORING CENTER INC,,,,,,,,1,STANLEY,LINDHORST,,,0,,,1,,,,,,,,X,,
(205) 625-5674,PO BOX 1496,ONEONTA,AL,35121,,1,mohawk,,,,,,1,SUPERIOR HOME SOLUTIONS INC,,,,,,,,1,EVAN,GALBREATH,,,0,,,1,,,,,,,,X,,
(830) 591-1232,600 E MAIN ST,UVALDE,TX,78801,,1,mohawk,,,,,,1,FRESH START DECORATING CENTER,,,,,,,,1,JOSE,RUIZ,,,0,,,1,,,,,,,,X,,
(937) 773-3950,5300 W US ROUTE 36,PIQUA,OH,45356,,1,mohawk,,,,,,1,CARPET HOUSE,,,,,,,,1,LARRY,HOSTETTER,,,0,,,1,,,,,,,,X,,
(307) 733-3451,565 W BROADWAY,JACKSON,WY,83001,,1,mohawk,,,,,,2,GRAND DESIGN, INC.,,,,,,,1,LOUIS,BENKOVICH,,,0,,,1,,,,,,,,X,,
(707) 994-4801,3555 MATTIODA CT,CLEARLAKE,CA,95422,,1,mohawk,,,,,,1,FLOORTOWN,,,,,,,,1,DANIEL,BOWEN,,,0,,,1,,,,,,,,X,,
(417) 736-6360,307 EAST HWY,STRAFFORD,MO,65757,,1,mohawk,,,,,,1,FOLEY FRANK E ENTERPRISES,,,,,,,,1,FRANK,FOLEY,,,0,,,1,,,,,,,,X,,
(563) 422-2341,LILAC PLAZE,WEST UNION,IA,52175,,1,mohawk,,,,,,1,DESSEL-ROACH FLOOR COV,,,,,,,,0,,,,,0,,,1,,,,,,,,X,,
(214) 342-2110,10201 PLANO RD STE 114,DALLAS,TX,75238,,1,mohawk,,,,,,2,GM CARPET DISTRIBUTORS, INC.,,,,,,,1,GENE,TYLER,,,0,,,1,,,,,,,,X,,
(814) 827-7382,13588 OLD ROUTE 8 N,TITUSVILLE,PA,16354,,1,mohawk,,,,,,1,COUNTRY CARPET BARN,,,,,,,,0,,,,,0,,,1,,,,,,,,X,,
(281) 398-8231,LONE STAR FLOORS,SUGAR LAND,TX,77478,,1,mohawk,,,,,,1,M I Z INC,,,,,,,,0,,,,,0,,,1,,,,,,,,X,,
(843) 549-9701,629 BELLS HWY,WALTERBORO,SC,29488,,1,mohawk,,,,,,1,CARPETS OF WALTERBORO INC,,,,,,,,1,WILLARD,LONG,,,0,,,1,,,,,,,,X,,
(989) 823-3854,PO BOX 146,VASSAR,MI,48768,,1,mohawk,,,,,,1,ATKINS FLOOR COVERING,,,,,,,,1,BOB,ATKINS,,,0,,,1,,,,,,,,X,,
(989) 872-2269,6566-8 MAIN STREET,CASS CITY,MI,48726-0098,,1,mohawk,,,,,,1,SCHNEEBERGERS FURN & APPL,,,,,,,,0,,,,,0,,,1,,,,,,,,X,,
(814) 359-9429,LEE DAVID M,PLEASANT GAP,PA,16823,,1,mohawk,,,,,,1,LEE CARPET WORKS,,,,,,,,0,,,,,0,,,1,,,,,,,,X,,
(208) 448-8191,W 1206 ALBENI HWY,PRIEST RIVER,ID,83856,,1,mohawk,,,,,,1,FLOORS & MORE INC,,,,,,,,1,KEVIN,JOHNSON,,,0,,,1,,,,,,,,X,,
(704) 282-2002,SERVICE MASTER BY DOUBLE D,MONROE,NC,28110,,1,mohawk,,,,,,1,SKYWAY FLOOR COVERING INC,,,,,,,,0,,,,,0,,,1,,,,,,,,X,,
(304) 492-2581,1 MAIN STREET,GREEN SPRING,WV,26722-0508,,1,mohawk,,,,,,1,PUFFINBURGER DISTRIBUTORS,,,,,,,,1,ORVIL,PUFFINBURGER,,,0,,,1,,,,,,,,X,,
(334) 875-5840,1824 HWY 14 EAST,SELMA,AL,36703,,1,mohawk,,,,,,1,RUSH CARPET,,,,,,,,1,JULIUS,RUSH,,,0,,,1,,,,,,,,X,,
(270) 843-3107,1353 OLD LOUISVILLE RD,BOWLING GREEN,KY,42101,,1,mohawk,,,,,,1,GRINSTEADS HOME FURNISHINGSINC,,,,,,,,1,GARY,GRINSTEAD,,,0,,,1,,,,,,,,X,,
(276) 628-8462,1005 W MAIN ST,ABINGDON,VA,24210,,1,mohawk,,,,,,1,ABINGDON CABINETRY & FLRNG INC,,,,,,,,1,SUSAN,FORKNER,,,0,,,1,,,,,,,,X,,
(601) 928-8997,1908 HIGHWAY 49,WIGGINS,MS,39577,,1,mohawk,,,,,,1,STONE COUNTY CARPET & TILE LLC,,,,,,,,1,MARGARET,CURTIS,,,0,,,1,,,,,,,,X,,
(308) 336-6341,"LUKASIEWICZ FURN, CPT & APPL",FARWELL,NE,68838,,1,mohawk,,,,,,1,LUKASIEWICZ FURN & APPL INC,,,,,,,,0,,,,,0,,,1,,,,,,,,X,,
(618) 445-5221,11 W MAIN ST,ALBION,IL,62806-1006,,1,mohawk,,,,,,1,J B COPELAND & SON,,,,,,,,0,,,,,0,,,1,,,,,,,,X,,
(843) 571-1662,2527 SAVANNAH HWY STE B,CHARLESTON,SC,29414,,1,mohawk,,,,,,1,WILLIAMS CARPET INC,,,,,,,,0,,,,,0,,,1,,,,,,,,X,,
(734) 850-0161,WIRICK TOM,TEMPERANCE,MI,48182,,1,mohawk,,,,,,1,GREAT LAKES FLOOR CVRNG SVCS,,,,,,,,1,TOM,WIRICK,,,0,,,1,,,,,,,,X,,
(251) 247-7260,4433 N COLLEGE AVE,JACKSON,AL,36545,,1,mohawk,,,,,,1,JACKSON FLOOR CENTER INC,,,,,,,,0,,,,,0,,,1,,,,,,,,X,,
(401) 737-7119,28 GILBANE STREET,WARWICK,RI,2886,,1,mohawk,,,,,,1,FAGNANT CARPET,,,,,,,,0,,,,,0,,,1,,,,,,,,X,,
(573) 346-6566,P O BOX 818,CAMDENTON,MO,65020,,1,mohawk,,,,,,1,HIGH BROTHERS INC.,,,,,,,,0,,,,,0,,,1,,,,,,,,X,,
(903) 786-6372,307 HWY 120 E,POTTSBORO,TX,75076,,1,mohawk,,,,,,1,TEXOMA INTERIOR,,,,,,,,1,ALLEN,PEARSON,,,0,,,1,,,,,,,,X,,
(706) 782-2274,DBA/CLAYTON PAINT & FLOORING,CLAYTON,GA,30525,,1,mohawk,,,,,,1,TOLLER ENTERPRISES LLC,,,,,,,,1,KEITH,TOLLER,,,0,,,1,,,,,,,,X,,
(419) 675-5510,1010 W LIMA ST,KENTON,OH,43326,,1,mohawk,,,,,,1,S&H CUSTOM CARPET,,,,,,,,1,SHAWN,STUMP,,,0,,,1,,,,,,,,X,,
(308) 345-5195,DBA SAMWAY F/C & FURNITURE,MCCOOK,NE,69001,,1,mohawk,,,,,,1,MCCOOK F/C & FURNITURE INC,,,,,,,,0,,,,,0,,,1,,,,,,,,X,,
(740) 454-4882,1071 LINDEN AVE,ZANESVILLE,OH,43702,,1,mohawk,,,,,,1,B & H CARPET SALES,,,,,,,,1,BILL,GILGER,,,0,,,1,,,,,,,,X,,
(618) 542-2482,545 N HICKORY ST,DU QUOIN,IL,62832,,1,mohawk,,,,,,1,ATKINS CUSTOM FLOORS INC,,,,,,,,1,WILLIAM,ATKINS,,,0,,,1,,,,,,,,X,,
(504) 347-7549,201 WESTBANK EXPY,WESTWEGO,LA,70094,,1,mohawk,,,,,,1,DORAN & SONS DISC FLOORING,,,,,,,,1,RICHARD,DORAN,,,0,,,1,,,,,,,,X,,
(989) 366-6961,FLOOR STORE THE,HOUGHTON LAKE,MI,48629,,1,mohawk,,,,,,1,THREE ANGELS INC,,,,,,,,1,WILLIMA,KRENTZ,,,0,,,1,,,,,,,,X,,
(903) 364-4111,"DBA SIMPSONS FLR,HEARTH & HOME",WHITEWRIGHT,TX,75491,,1,mohawk,,,,,,1,DOUBLE BAR J ENTERPRISES LLC,,,,,,,,1,JASON,SIMPSON,,,0,,,1,,,,,,,,X,,
(864) 226-6601,1109 WHITEHALL RD,ANDERSON,SC,29625-2127,,1,mohawk,,,,,,1,ANDERSON TILE,,,,,,,,0,,,,,0,,,1,,,,,,,,X,,
(217) 568-8732,113 S MAIN ST PO BOX 369,GIFFORD,IL,61847,,1,mohawk,,,,,,1,RADEMACHER BROS. LUMBER CO INC,,,,,,,,0,,,,,0,,,1,,,,,,,,X,,
(330) 386-6914,ROE LINDA,EAST LIVERPOOL,OH,43920,,1,mohawk,,,,,,1,ROE CARPET & VINYL,,,,,,,,1,ROGER,ROE,,,0,,,1,,,,,,,,X,,
(281) 485-5747,SMITH DOUGLAS,PEARLAND,TX,77581,,1,mohawk,,,,,,1,HOUSTON CARPET SALES & SERVICE,,,,,,,,0,,,,,0,,,1,,,,,,,,X,,
(318) 259-9252,705 HUDSON,JONESBORO,LA,71251,,1,mohawk,,,,,,1,PARDUE & QUARLES,,,,,,,,0,,,,,0,,,1,,,,,,,,X,,
(307) 347-7328,MCKINNON FLOORING,WORLAND,WY,82401,,1,mohawk,,,,,,1,MCKINNON UNLIMITED INC,,,,,,,,0,,,,,0,,,1,,,,,,,,X,,
(763) 441-1284,720 4TH ST NW,ELK RIVER,MN,55330,,1,mohawk,,,,,,1,ADAMS INTERIORS INC,,,,,,,,1,HAROLD,ADAMS,,,0,,,1,,,,,,,,X,,
(810) 724-4000,1285 MITCHELL LAKE RD,ATTICA,MI,48412,,1,mohawk,,,,,,1,COUNTRY CARPET WAREHOUSE INC,,,,,,,,1,CHARLES,SORBIE,,,0,,,1,,,,,,,,X,,
(540) 465-5805,HORTON BUDDY B,STRASBURG,VA,22657,,1,mohawk,,,,,,1,STONE HOUSE FLOORS,,,,,,,,1,SUE,HORTON,,,0,,,1,,,,,,,,X,,
(330) 823-3777,DBA THE FLOOR CORNER,ALLIANCE,OH,44601,,1,mohawk,,,,,,1,HOMETOWN FURN & APPL LTD LLC,,,,,,,,1,PAUL,SULLIVAN,,,0,,,1,,,,,,,,X,,
(616) 696-6934,PROBST ART,CEDAR SPRINGS,MI,49319,,1,mohawk,,,,,,1,PROBST FURNITURE,,,,,,,,0,,,,,0,,,1,,,,,,,,X,,
(920) 474-4424,PO BOX 25,ASHIPPUN,WI,53003-0025,,1,mohawk,,,,,,1,J & S FLOOR COVERING INC,,,,,,,,1,EVERETT,JAEGER,,,0,,,1,,,,,,,,X,,
(520) 456-6297,100 N HUACHUCA BLVD,HUACHUCA CITY,AZ,85616,,1,mohawk,,,,,,1,ALLEY CARPET & FLOORING INC,,,,,,,,1,MARION,ALLEY,,,0,,,1,,,,,,,,X,,
(270) 259-9973,PO BOX 365,LEITCHFIELD,KY,42755-0365,,1,mohawk,,,,,,1,LEITCHFIELD FLOOR COVERING,,,,,,,,1,ROY,SMITH,,,0,,,1,,,,,,,,X,,
(304) 366-6735,630 FAIRMONT AVE,FAIRMONT,WV,26554,,1,mohawk,,,,,,1,CUSTOM CARPETS,,,,,,,,1,JOHN,NESTOR,,,0,,,1,,,,,,,,X,,